bus_id,type,Pd,Qd,Vm,Va,baseKV,bus_name,lat,lon,state
1001,1.0,20.78,5.89,0.9794356,-22.734844,115.0,ODESSA 2 0,31.880461,-102.345314,TX
1002,1.0,15.41,4.37,1.0127364,-18.088545,115.0,PRESIDIO 2 0,29.560348,-104.365302,TX
1003,1.0,0.0,0.0,1.0092629,-17.086699,115.0,O DONNELL 1 0,31.0,-99.0,TX
1004,2.0,0.0,0.0,1.0130707,-18.933999,230.0,O DONNELL 1 1,31.0,-99.0,TX
1005,1.0,0.0,0.0,1.0055761,-16.077157,115.0,BIG SPRING 5 0,32.238341,-101.485739,TX
1006,2.0,0.0,0.0,1.0,-13.905591,13.8,BIG SPRING 5 1,32.238341,-101.485739,TX
1007,1.0,7.01,1.99,1.02,-18.467212,115.0,VAN HORN 0,31.040672,-104.834154,TX
1008,1.0,0.0,0.0,1.0192851,-8.605207,115.0,IRAAN 2 0,30.912901,-101.900075,TX
1009,2.0,0.0,0.0,1.0092402,-5.309598,13.8,IRAAN 2 1,30.912901,-101.900075,TX
1010,1.0,0.0,0.0,1.02,-16.792355,115.0,PRESIDIO 1 0,29.560348,-104.365302,TX
1011,2.0,0.0,0.0,1.0202111,-15.009826,22.0,PRESIDIO 1 1,29.560348,-104.365302,TX
1012,1.0,2.99,0.85,1.0059921,-25.342783,115.0,SANDERSON 0,30.150794,-102.407916,TX
1013,1.0,29.23,8.28,1.0056772,-15.436565,115.0,MONAHANS 2 0,31.655721,-103.083694,TX
1014,1.0,2.22,0.63,1.0123505,-11.91325,115.0,GRANDFALLS 0,31.340494,-102.854463,TX
1015,1.0,7.51,2.13,1.0218177,-18.214501,115.0,MARFA 0,30.310679,-104.025452,TX
1016,1.0,2.89,0.82,1.0174069,-15.485448,115.0,GARDEN CITY 0,31.872766,-101.488384,TX
1017,1.0,18.34,5.2,0.9816734,-21.426222,115.0,ODESSA 4 0,31.880461,-102.345314,TX
1018,1.0,0.07,0.02,0.9911469,-20.216148,115.0,NOTREES 0,31.0,-99.0,TX
1019,1.0,61.78,17.5,0.9994919,-22.320417,115.0,MIDLAND 4 0,32.024642,-102.113467,TX
1020,1.0,0.0,0.0,1.02,-15.230064,115.0,BIG SPRING 1 0,32.238341,-101.485739,TX
1021,2.0,0.0,0.0,1.0,-8.606761,13.8,BIG SPRING 1 1,32.238341,-101.485739,TX
1022,1.0,0.0,0.0,1.0124231,-16.204693,115.0,O DONNELL 2 0,31.0,-99.0,TX
1023,2.0,0.0,0.0,1.01,-7.300393,13.8,O DONNELL 2 1,31.0,-99.0,TX
1024,1.0,63.04,17.86,0.9944951,-19.200249,115.0,ODESSA 6 0,31.880461,-102.345314,TX
1025,1.0,0.0,0.0,1.0162883,-14.170406,115.0,BIG SPRINGS 0,41.060902,-102.074466,NE
1026,2.0,0.0,0.0,1.0,-4.641462,13.8,BIG SPRINGS 1,41.060902,-102.074466,NE
1027,1.0,101.21,28.68,1.0053046,-25.833336,115.0,MIDLAND 2 0,32.024642,-102.113467,TX
1028,1.0,10.01,2.84,1.0154159,-17.717136,115.0,COAHOMA 0,32.295623,-101.308884,TX
1029,1.0,83.18,23.57,1.0024174,-24.858888,115.0,MIDLAND 3 0,32.024642,-102.113467,TX
1030,1.0,24.63,6.98,1.0122298,-13.41143,115.0,ALPINE 0,30.363905,-103.664456,TX
1031,1.0,9.25,2.62,1.0121888,-17.672258,115.0,FORT DAVIS 0,30.578857,-103.894655,TX
1032,1.0,0.0,0.0,1.0006583,-12.280471,115.0,MCCAMEY 1 0,31.132464,-102.22004,TX
1033,2.0,0.0,0.0,1.0167542,-16.898515,230.0,MCCAMEY 1 1,31.132464,-102.22004,TX
1034,1.0,0.0,0.0,1.0045345,-14.320349,115.0,BIG SPRING 4 0,32.238341,-101.485739,TX
1035,2.0,0.0,0.0,1.0,-11.030416,13.8,BIG SPRING 4 1,32.238341,-101.485739,TX
1036,1.0,13.6,3.85,0.9976248,-12.526972,115.0,CRANE 0,31.391782,-102.350269,TX
1037,1.0,102.24,28.97,0.9745044,-22.5448,115.0,ODESSA 5 0,31.880461,-102.345314,TX
1038,1.0,0.0,0.0,1.0165674,-7.646607,115.0,FORT STOCKTON 1 0,30.892574,-102.88421,TX
1039,2.0,0.0,0.0,1.0,-2.263052,22.0,FORT STOCKTON 1 1,30.892574,-102.88421,TX
1040,1.0,44.36,12.57,0.9940145,-20.480041,115.0,ANDREWS 0,32.321336,-102.551846,TX
1041,1.0,0.0,0.0,1.0017746,-15.107504,115.0,FORSAN 0,32.110338,-101.366796,TX
1042,2.0,0.0,0.0,1.0017746,-15.107504,13.8,FORSAN 1,32.110338,-101.366796,TX
1043,2.0,0.0,0.0,1.0,-11.864177,13.8,FORSAN 2,32.110338,-101.366796,TX
1044,1.0,14.68,4.16,1.0067555,-25.963881,115.0,BIG LAKE 0,31.194112,-101.453406,TX
1045,1.0,98.56,27.93,0.9774255,-24.447556,115.0,MIDLAND 5 0,32.024642,-102.113467,TX
1046,1.0,11.08,3.14,1.0176344,-22.491396,115.0,OZONA 0,30.707399,-101.206059,TX
1047,1.0,0.0,0.0,1.0052508,-13.35005,115.0,MONAHANS 1 0,31.655721,-103.083694,TX
1048,2.0,0.0,0.0,1.0052508,-13.35005,18.0,MONAHANS 1 1,31.655721,-103.083694,TX
1049,2.0,0.0,0.0,1.0052508,-13.35005,18.0,MONAHANS 1 2,31.655721,-103.083694,TX
1050,2.0,0.0,0.0,1.0,-8.284789,18.0,MONAHANS 1 3,31.655721,-103.083694,TX
1051,2.0,0.0,0.0,1.0,-6.807389,18.0,MONAHANS 1 4,31.655721,-103.083694,TX
1052,2.0,0.0,0.0,1.0,-9.134369,18.0,MONAHANS 1 5,31.655721,-103.083694,TX
1053,2.0,0.0,0.0,1.0174089,-17.33616,230.0,MONAHANS 1 6,31.655721,-103.083694,TX
1054,1.0,14.99,4.25,1.0036844,-22.292331,115.0,STANTON 0,32.131695,-101.792457,TX
1055,1.0,3.98,1.13,1.001405,-18.129563,115.0,ODONNELL 0,31.0,-99.0,TX
1056,1.0,0.0,0.0,1.02,-21.819612,115.0,LENORAH 0,31.0,-99.0,TX
1057,2.0,0.0,0.0,1.02,-21.819612,18.0,LENORAH 1,31.0,-99.0,TX
1058,1.0,13.46,3.81,1.0193738,-11.220883,115.0,IRAAN 3 0,30.912901,-101.900075,TX
1059,2.0,0.0,0.0,1.0193738,-11.220883,22.0,IRAAN 3 1,30.912901,-101.900075,TX
1060,2.0,0.0,0.0,1.0193738,-11.220883,22.0,IRAAN 3 2,30.912901,-101.900075,TX
1061,1.0,0.0,0.0,1.0065566,-17.219364,115.0,BIG SPRING 6 0,32.238341,-101.485739,TX
1062,2.0,0.0,0.0,1.0065566,-17.219364,13.8,BIG SPRING 6 1,32.238341,-101.485739,TX
1063,2.0,0.0,0.0,1.0065566,-17.219364,13.8,BIG SPRING 6 2,32.238341,-101.485739,TX
1064,1.0,123.76,35.07,0.9720345,-24.153272,115.0,ODESSA 3 0,31.880461,-102.345314,TX
1065,1.0,0.0,0.0,1.0042605,-14.932578,115.0,BIG SPRING 3 0,32.238341,-101.485739,TX
1066,2.0,0.0,0.0,1.0,-7.399054,13.8,BIG SPRING 3 1,32.238341,-101.485739,TX
1067,1.0,101.55,28.77,0.9985952,-15.68248,115.0,BIG SPRING 7 0,32.238341,-101.485739,TX
1068,1.0,59.4,16.83,0.9868034,-16.436894,115.0,MIDLAND 1 0,32.024642,-102.113467,TX
1069,1.0,0.0,0.0,1.0225598,-8.732588,115.0,IRAAN 1 0,30.912901,-101.900075,TX
1070,2.0,0.0,0.0,1.04,-4.228777,13.8,IRAAN 1 1,30.912901,-101.900075,TX
1071,1.0,91.46,25.91,0.9870267,-21.47404,115.0,ODESSA 1 0,31.880461,-102.345314,TX
1072,2.0,0.0,0.0,1.01,-12.110027,18.0,ODESSA 1 1,31.880461,-102.345314,TX
1073,2.0,0.0,0.0,1.01,-5.681972,18.0,ODESSA 1 2,31.880461,-102.345314,TX
1074,2.0,0.0,0.0,1.01,-7.738009,18.0,ODESSA 1 3,31.880461,-102.345314,TX
1075,2.0,0.0,0.0,1.01,-10.505543,18.0,ODESSA 1 4,31.880461,-102.345314,TX
1076,2.0,0.0,0.0,0.9870267,-21.47404,18.0,ODESSA 1 5,31.880461,-102.345314,TX
1077,2.0,0.0,0.0,0.9870267,-21.47404,18.0,ODESSA 1 6,31.880461,-102.345314,TX
1078,2.0,0.0,0.0,1.01,-11.024659,18.0,ODESSA 1 7,31.880461,-102.345314,TX
1079,2.0,0.0,0.0,1.0162141,-38.582859,500.0,ODESSA 1 8,31.880461,-102.345314,TX
1080,2.0,0.0,0.0,1.01,-10.448676,18.0,ODESSA 1 9,31.880461,-102.345314,TX
1081,2.0,0.0,0.0,1.02,-18.691287,230.0,ODESSA 1 10,31.880461,-102.345314,TX
1082,2.0,0.0,0.0,1.0194126,-5.910392,115.0,FORT STOCKTON 2 0,30.892574,-102.88421,TX
1083,1.0,39.95,11.32,1.0188617,-9.886743,115.0,FORT STOCKTON 3 0,30.892574,-102.88421,TX
1084,2.0,0.0,0.0,1.0225199,-16.467206,115.0,BIG SPRING 2 0,32.238341,-101.485739,TX
1085,1.0,21.3,6.03,1.008987,-15.342869,115.0,KERMIT 0,31.853923,-103.092395,TX
1086,1.0,39.67,11.24,1.015374,-17.585057,115.0,PECOS 0,35.575706,-105.678407,NM
1087,1.0,0.91,0.26,1.02,-16.125402,115.0,SHEFFIELD 0,30.685889,-101.822416,TX
1088,2.0,0.0,0.0,1.0,-11.878466,115.0,MCCAMEY 2 0,31.132464,-102.22004,TX
1089,1.0,40.6,11.5,0.9806318,-21.306753,115.0,LAMESA 0,32.733338,-101.953773,TX
1090,2.0,0.0,0.0,1.02,-16.145053,115.0,GOLDSMITH 0,31.983325,-102.616381,TX
1091,1.0,11.62,3.29,1.0248315,-31.017725,161.0,RALLS 2 0,33.678774,-101.384591,TX
2001,1.0,48.36,13.7,1.0017518,-59.982147,161.0,PARIS 3 0,33.668929,-95.546616,TX
2002,1.0,0.0,0.0,1.011061,-61.566631,500.0,SAVOY 0,33.59984,-96.366028,TX
2003,1.0,0.0,0.0,1.0093382,-63.828546,161.0,SAVOY 1,33.59984,-96.366028,TX
2004,2.0,0.0,0.0,1.011061,-61.566631,13.8,SAVOY 2,33.59984,-96.366028,TX
2005,2.0,0.0,0.0,1.011061,-61.566631,13.8,SAVOY 3,33.59984,-96.366028,TX
2006,2.0,0.0,0.0,1.011061,-61.566631,13.8,SAVOY 4,33.59984,-96.366028,TX
2007,1.0,9.54,2.7,1.0025088,-59.751902,161.0,HONEY GROVE 0,33.588095,-95.908622,TX
2008,1.0,8.06,2.28,1.0161296,-32.833005,161.0,MEMPHIS 0,34.726734,-100.541655,TX
2009,1.0,39.14,11.09,1.02,-45.215386,161.0,IOWA PARK 0,33.962773,-98.680872,TX
2010,1.0,56.81,16.09,1.02,-36.405086,161.0,VERNON 2 0,34.147664,-99.300427,TX
2011,1.0,0.0,0.0,1.0388703,-32.100979,500.0,PANHANDLE 2 0,35.3463,-101.380508,TX
2012,1.0,0.0,0.0,1.0270973,-29.869241,161.0,PANHANDLE 2 1,35.3463,-101.380508,TX
2013,2.0,0.0,0.0,1.0305102,-29.76103,18.0,PANHANDLE 2 2,35.3463,-101.380508,TX
2014,1.0,25.43,7.2,1.014488,-33.408935,161.0,CHILDRESS 0,34.435452,-100.282382,TX
2015,1.0,4.69,1.33,1.0060782,-63.292789,161.0,FORESTBURG 0,44.021201,-98.103233,SD
2016,1.0,69.27,19.63,1.0060187,-69.954795,161.0,SHERMAN 3 0,33.628596,-96.626722,TX
2017,1.0,0.0,0.0,1.0283919,-32.24683,500.0,PANHANDLE 4 0,35.3463,-101.380508,TX
2018,1.0,0.0,0.0,1.0264922,-31.456709,161.0,PANHANDLE 4 1,35.3463,-101.380508,TX
2019,2.0,0.0,0.0,1.0283919,-32.24683,20.0,PANHANDLE 4 2,35.3463,-101.380508,TX
2020,1.0,47.97,13.59,0.9951749,-44.885383,161.0,WICHITA FALLS 6 0,33.906654,-98.525848,TX
2021,1.0,0.0,0.0,1.0138733,-56.702369,500.0,PARIS 2 0,33.668929,-95.546616,TX
2022,1.0,11.56,3.28,1.0100102,-58.637546,161.0,PARIS 2 1,33.668929,-95.546616,TX
2023,2.0,0.0,0.0,1.02,-55.13952,13.8,PARIS 2 2,33.668929,-95.546616,TX
2024,2.0,0.0,0.0,1.02,-54.474073,13.8,PARIS 2 3,33.668929,-95.546616,TX
2025,1.0,39.62,11.23,0.994074,-44.124136,161.0,WICHITA FALLS 4 0,33.906654,-98.525848,TX
2026,1.0,18.57,5.26,1.0264805,-31.081493,161.0,WHEELER 0,35.441115,-100.275228,TX
2027,1.0,3.55,1.01,1.0021966,-60.413018,161.0,DEPORT 0,33.529148,-95.317422,TX
2028,1.0,14.24,4.03,0.9945927,-47.249778,161.0,WICHITA FALLS 3 0,33.906654,-98.525848,TX
2029,1.0,3.2,0.91,1.0200518,-32.781385,161.0,SILVERTON 0,34.471372,-101.304049,TX
2030,1.0,47.15,13.36,0.9883653,-64.039783,161.0,BONHAM 0,33.588022,-96.190095,TX
2031,1.0,5.77,1.63,1.0204588,-29.638731,161.0,MATADOR 0,34.015084,-100.821094,TX
2032,1.0,3.35,0.95,1.004536,-59.146912,161.0,ARTHUR CITY 0,47.104268,-97.218355,ND
2033,1.0,13.57,3.85,0.9908717,-65.552183,161.0,LEONARD 0,33.383176,-96.246466,TX
2034,1.0,5.34,1.51,1.0046209,-69.283118,161.0,GORDONVILLE 0,32.159179,-86.704235,AL
2035,1.0,4.68,1.33,1.0152073,-30.560737,161.0,KNOX CITY 0,33.417574,-99.815703,TX
2036,1.0,41.59,11.78,0.998941,-44.48325,161.0,WICHITA FALLS 7 0,33.906654,-98.525848,TX
2037,1.0,3.5,0.99,1.0166773,-63.62606,161.0,LINDSAY 0,33.642308,-97.219725,TX
2038,1.0,2.6,0.74,1.0063308,-64.301324,161.0,ECTOR 0,33.579284,-96.273115,TX
2039,1.0,5.56,1.58,0.9912537,-60.671164,161.0,SUNSET 0,33.446847,-97.767269,TX
2040,1.0,15.9,4.51,1.0074385,-59.308023,161.0,CLARKSVILLE 0,32.534957,-94.893551,TX
2041,1.0,0.0,0.0,1.0280219,-27.686092,161.0,PANHANDLE 3 0,35.3463,-101.380508,TX
2042,2.0,0.0,0.0,1.0194284,-25.11083,18.0,PANHANDLE 3 1,35.3463,-101.380508,TX
2043,1.0,4.24,1.2,1.0050458,-69.589647,161.0,SADLER 0,33.680058,-96.846896,TX
2044,1.0,27.4,7.76,1.0130566,-65.383329,161.0,WHITESBORO 0,33.65958,-96.903694,TX
2045,1.0,22.61,6.4,0.9944497,-45.423966,161.0,SHEPPARD AFB 0,31.0,-99.0,TX
2046,1.0,22.13,6.27,1.0045595,-68.896782,161.0,POTTSBORO 0,33.77033,-96.671261,TX
2047,1.0,14.96,4.24,1.0079022,-64.729913,161.0,BELLS 0,33.616488,-96.412736,TX
2048,1.0,6.42,1.82,1.0237031,-31.710962,161.0,CROSBYTON 0,33.641298,-101.23772,TX
2049,1.0,11.57,3.28,1.0177581,-40.946465,161.0,ELECTRA 0,34.032294,-98.920245,TX
2050,1.0,3.66,1.04,0.9941919,-63.23541,161.0,PATTONVILLE 0,31.0,-99.0,TX
2051,1.0,17.85,5.06,0.989552,-54.140347,161.0,HENRIETTA 0,33.814307,-98.192773,TX
2052,1.0,24.84,7.04,1.0174448,-31.96347,161.0,PANHANDLE 6 0,35.3463,-101.380508,TX
2053,1.0,29.13,8.25,0.9910634,-59.360379,161.0,BOWIE 0,33.556959,-97.846101,TX
2054,1.0,0.0,0.0,0.9977811,-43.13131,500.0,WICHITA FALLS 1 0,33.906654,-98.525848,TX
2055,1.0,49.62,14.06,0.9973321,-43.960678,161.0,WICHITA FALLS 1 1,33.906654,-98.525848,TX
2056,2.0,0.0,0.0,0.9977811,-43.13131,18.0,WICHITA FALLS 1 2,33.906654,-98.525848,TX
2057,2.0,0.0,0.0,0.99,-38.725286,18.0,WICHITA FALLS 1 3,33.906654,-98.525848,TX
2058,1.0,0.0,0.0,1.0283596,-27.258033,161.0,WHITE DEER 0,35.433397,-101.175846,TX
2059,2.0,0.0,0.0,1.0183617,-23.911715,13.8,WHITE DEER 1,35.433397,-101.175846,TX
2060,1.0,3.8,1.08,0.9974049,-61.950951,161.0,ROXTON 0,33.545577,-95.724885,TX
2061,1.0,0.0,0.0,1.0211752,-37.427819,161.0,VERNON 1 0,34.147664,-99.300427,TX
2062,2.0,0.0,0.0,1.02,-35.131,18.0,VERNON 1 1,34.147664,-99.300427,TX
2063,1.0,65.62,18.59,1.0060645,-68.258359,161.0,DENISON 2 0,33.766936,-96.580667,TX
2064,1.0,10.05,2.85,1.0031055,-60.277381,161.0,SUMNER 0,47.227215,-122.236264,WA
2065,1.0,78.36,22.2,1.02,-65.600732,161.0,GAINESVILLE 0,33.638647,-97.148413,TX
2066,1.0,7.11,2.02,1.014436,-27.628767,161.0,ASPERMONT 0,33.140921,-100.224867,TX
2067,1.0,53.97,15.29,0.9923568,-44.047987,161.0,WICHITA FALLS 5 0,33.906654,-98.525848,TX
2068,1.0,5.76,1.63,0.9989951,-42.016304,161.0,WINDTHORST 0,33.576966,-98.434932,TX
2069,1.0,21.92,6.21,1.02,-69.116814,161.0,HOWE 0,33.507477,-96.615543,TX
2070,1.0,0.0,0.0,1.0010765,-41.598099,161.0,ARCHER 2 0,33.592689,-98.62683,TX
2071,2.0,0.0,0.0,1.0,-37.919678,18.0,ARCHER 2 1,33.592689,-98.62683,TX
2072,1.0,9.71,2.75,1.0148759,-67.240635,161.0,COLLINSVILLE 0,33.559363,-96.907163,TX
2073,1.0,0.0,0.0,1.0155141,-25.108834,161.0,JAYTON 0,33.25018,-100.574868,TX
2074,1.0,0.0,0.0,1.0058489,-23.236834,115.0,JAYTON 1,33.25018,-100.574868,TX
2075,1.0,0.0,0.0,1.0058489,-23.236834,115.0,JAYTON 2,33.25018,-100.574868,TX
2076,2.0,0.0,0.0,1.0207772,-24.20214,24.0,JAYTON 3,33.25018,-100.574868,TX
2077,1.0,0.0,0.0,1.0178964,-61.197723,161.0,MUENSTER 1 0,33.653029,-97.375693,TX
2078,2.0,0.0,0.0,1.02,-57.875001,13.8,MUENSTER 1 1,33.653029,-97.375693,TX
2079,1.0,4.48,1.27,1.0222991,-34.626738,161.0,PADUCAH 0,34.014005,-100.303693,TX
2080,1.0,16.93,4.8,0.9946218,-57.499175,161.0,NOCONA 0,33.783555,-97.730171,TX
2081,1.0,4.46,1.26,1.0009362,-65.107672,161.0,DODD CITY 0,33.575673,-96.075543,TX
2082,1.0,59.03,16.73,1.002871,-44.826631,161.0,WICHITA FALLS 2 0,33.906654,-98.525848,TX
2083,2.0,0.0,0.0,1.0175906,-43.247104,20.0,WICHITA FALLS 2 1,33.906654,-98.525848,TX
2084,2.0,0.0,0.0,1.002871,-44.826631,20.0,WICHITA FALLS 2 2,33.906654,-98.525848,TX
2085,2.0,0.0,0.0,1.002871,-44.826631,20.0,WICHITA FALLS 2 3,33.906654,-98.525848,TX
2086,1.0,2.19,0.62,0.9924453,-59.474499,161.0,MONTAGUE 0,33.66527,-97.720954,TX
2087,1.0,7.9,2.24,1.017379,-27.472635,161.0,SPUR 0,33.476582,-100.850215,TX
2088,1.0,0.0,0.0,1.0000706,-41.716402,161.0,ARCHER 1 0,33.592689,-98.62683,TX
2089,2.0,0.0,0.0,1.0,-38.113501,24.0,ARCHER 1 1,33.592689,-98.62683,TX
2090,1.0,2.42,0.69,1.0025227,-61.033299,161.0,ANNONA 0,33.581811,-94.913079,TX
2091,1.0,17.05,4.83,1.0162815,-33.97855,161.0,SEYMOUR 0,33.595233,-99.258469,TX
2092,1.0,24.11,6.83,1.0054244,-66.568503,161.0,DENISON 1 0,33.766936,-96.580667,TX
2093,1.0,0.0,0.0,1.0272713,-30.621379,161.0,PANHANDLE 5 0,35.3463,-101.380508,TX
2094,2.0,0.0,0.0,1.0272713,-30.621379,13.8,PANHANDLE 5 1,35.3463,-101.380508,TX
2095,2.0,0.0,0.0,1.0272713,-30.621379,13.8,PANHANDLE 5 2,35.3463,-101.380508,TX
2096,1.0,0.0,0.0,1.0199998,-27.84317,500.0,RALLS 1 0,33.678774,-101.384591,TX
2097,1.0,0.0,0.0,1.0192658,-27.282308,230.0,RALLS 1 1,33.678774,-101.384591,TX
2098,1.0,0.0,0.0,1.0256479,-30.426538,161.0,RALLS 1 2,33.678774,-101.384591,TX
2099,2.0,0.0,0.0,1.02,-27.699549,18.0,RALLS 1 3,33.678774,-101.384591,TX
2100,2.0,0.0,0.0,1.02,-25.218709,18.0,RALLS 1 4,33.678774,-101.384591,TX
2101,1.0,0.0,0.0,1.010539,-62.673279,500.0,SHERMAN 1 0,33.628596,-96.626722,TX
2102,1.0,0.0,0.0,1.0105919,-64.120882,161.0,SHERMAN 1 1,33.628596,-96.626722,TX
2103,2.0,0.0,0.0,1.010539,-62.673279,20.0,SHERMAN 1 2,33.628596,-96.626722,TX
2104,2.0,0.0,0.0,1.010539,-62.673279,20.0,SHERMAN 1 3,33.628596,-96.626722,TX
2105,2.0,0.0,0.0,1.010539,-62.673279,20.0,SHERMAN 1 4,33.628596,-96.626722,TX
2106,1.0,14.4,4.08,0.9891329,-66.198009,161.0,WHITEWRIGHT 0,33.511159,-96.394906,TX
2107,1.0,74.15,21.01,1.0051501,-64.992908,161.0,SHERMAN 2 0,33.628596,-96.626722,TX
2108,1.0,2.14,0.61,0.9991016,-43.691094,161.0,ROCHESTER 0,33.314205,-99.856503,TX
2109,1.0,33.81,9.58,1.0066134,-46.357265,161.0,BURKBURNETT 0,34.074898,-98.567286,TX
2110,1.0,8.59,2.43,1.02,-62.269561,161.0,MUENSTER 2 0,33.653029,-97.375693,TX
2111,1.0,13.95,3.95,0.9946072,-48.990101,161.0,ARCHER CITY 0,33.592689,-98.62683,TX
2112,1.0,4.54,1.29,0.9916571,-49.379366,161.0,PETROLIA 0,34.013096,-98.231798,TX
2113,1.0,0.0,0.0,1.0137786,-56.233081,500.0,PARIS 1 0,33.668929,-95.546616,TX
2114,1.0,70.78,20.05,1.0113736,-57.520113,161.0,PARIS 1 1,33.668929,-95.546616,TX
2115,2.0,0.0,0.0,1.0048888,-52.23961,13.8,PARIS 1 2,33.668929,-95.546616,TX
2116,2.0,0.0,0.0,1.0095429,-54.163985,13.8,PARIS 1 3,33.668929,-95.546616,TX
2117,2.0,0.0,0.0,1.0021538,-51.600268,13.8,PARIS 1 4,33.668929,-95.546616,TX
2118,2.0,0.0,0.0,1.0007844,-51.092416,13.8,PARIS 1 5,33.668929,-95.546616,TX
2119,2.0,0.0,0.0,1.0084621,-53.711535,13.8,PARIS 1 6,33.668929,-95.546616,TX
2120,2.0,0.0,0.0,1.01,-51.344328,13.8,PARIS 1 7,33.668929,-95.546616,TX
2121,1.0,2.33,0.66,1.0061151,-59.941306,161.0,BAGWELL 0,31.0,-99.0,TX
2122,1.0,6.72,1.9,0.9963019,-61.14302,161.0,TELEPHONE 0,31.0,-99.0,TX
2123,2.0,0.0,0.0,1.0285431,-27.029356,161.0,PANHANDLE 1 0,35.3463,-101.380508,TX
2124,1.0,21.29,6.03,0.9877701,-67.273303,161.0,VAN ALSTYNE 0,33.421688,-96.583202,TX
2125,1.0,4.06,1.15,0.9932884,-67.337716,161.0,TIOGA 0,33.472108,-96.915704,TX
2126,1.0,14.24,4.03,1.0068733,-67.004796,161.0,VALLEY VIEW 0,33.477348,-97.15692,TX
2127,2.0,0.0,0.0,1.04,-33.967593,500.0,MIAMI 0,35.692311,-100.641565,TX
2128,1.0,0.0,0.0,1.0300583,-32.47773,161.0,MIAMI 1,35.692311,-100.641565,TX
2129,1.0,6.63,1.88,0.9922046,-66.114879,161.0,TRENTON 0,33.426257,-96.344594,TX
2130,1.0,0.0,0.0,1.0007321,-42.301537,161.0,HASKELL 0,33.159775,-99.732032,TX
2131,1.0,0.0,0.0,0.9951718,-39.712836,115.0,HASKELL 1,33.159775,-99.732032,TX
2132,1.0,11.94,3.38,1.0111016,-41.451971,115.0,HASKELL 2,33.159775,-99.732032,TX
2133,1.0,5.68,1.61,1.0129003,-60.522664,161.0,SAINT JO 0,31.0,-99.0,TX
3001,1.0,0.0,0.0,1.0045071,-56.055858,230.0,KERRVILLE 0,30.038317,-99.131069,TX
3002,1.0,112.86,31.98,0.9925381,-58.537415,115.0,KERRVILLE 1,30.038317,-99.131069,TX
3003,1.0,0.0,0.0,1.0139253,-18.246162,115.0,SWEETWATER 4 0,32.469389,-100.408651,TX
3004,2.0,0.0,0.0,1.009025,-16.644394,18.0,SWEETWATER 4 1,32.469389,-100.408651,TX
3005,1.0,7.34,2.08,1.0105581,-58.521456,115.0,LEAKEY 0,29.725365,-99.763068,TX
3006,1.0,7.35,2.08,0.9998442,-26.877872,115.0,HAMLIN 0,32.889987,-100.1325,TX
3007,1.0,14.96,4.24,1.0123256,-24.724902,115.0,MERKEL 3 0,32.469731,-100.011096,TX
3008,1.0,19.81,5.61,0.9910125,-37.183753,115.0,COLEMAN 0,31.831378,-99.422201,TX
3009,1.0,12.54,3.55,1.0111101,-31.252042,115.0,SONORA 0,30.570654,-100.641768,TX
3010,1.0,4.67,1.32,0.9970474,-57.524886,115.0,CAMP WOOD 0,29.669047,-100.010865,TX
3011,1.0,27.14,7.69,1.0068971,-61.494144,115.0,LLANO 0,30.751007,-98.676524,TX
3012,1.0,0.56,0.16,1.00822,-61.089137,115.0,WILLOW CITY 0,61.886955,-149.620241,AK
3013,1.0,64.56,18.29,1.0157866,-28.589048,115.0,ABILENE 4 0,32.454514,-99.738147,TX
3014,1.0,22.0,6.23,1.013961,-53.58773,115.0,KINGSLAND 0,30.666141,-98.454026,TX
3015,1.0,5.36,1.52,1.0111514,-17.008563,115.0,ROSCOE 6 0,32.441934,-100.532231,TX
3016,1.0,0.0,0.0,1.0091303,-21.984673,115.0,BLACKWELL 0,32.085054,-100.319357,TX
3017,2.0,0.0,0.0,1.01,-16.780818,18.0,BLACKWELL 1,32.085054,-100.319357,TX
3018,1.0,0.0,0.0,1.0229356,-29.156049,230.0,CHRISTOVAL 0,31.197614,-100.493296,TX
3019,1.0,0.0,0.0,1.02,-30.777457,115.0,CHRISTOVAL 1,31.197614,-100.493296,TX
3020,2.0,0.0,0.0,1.03,-25.014342,13.8,CHRISTOVAL 2,31.197614,-100.493296,TX
3021,1.0,1.94,0.55,0.999226,-35.741111,115.0,LUEDERS 0,32.800432,-99.623217,TX
3022,1.0,24.59,6.97,0.9959859,-18.121194,115.0,COLORADO CITY 0,32.399486,-100.858304,TX
3023,1.0,10.41,2.95,1.02,-26.986888,115.0,STAMFORD 0,33.046193,-99.597021,TX
3024,1.0,10.13,2.87,1.0156701,-31.222678,115.0,ELDORADO 0,30.861728,-100.597926,TX
3025,1.0,13.67,3.87,0.9934448,-45.629015,115.0,SAN SABA 0,31.197446,-98.71937,TX
3026,1.0,0.0,0.0,1.0240344,-36.852919,230.0,ABILENE 2 0,32.454514,-99.738147,TX
3027,1.0,0.0,0.0,1.0169718,-37.434869,115.0,ABILENE 2 1,32.454514,-99.738147,TX
3028,2.0,0.0,0.0,1.036934,-34.250404,18.0,ABILENE 2 2,32.454514,-99.738147,TX
3029,1.0,4.87,1.38,1.0220906,-53.840897,115.0,LOMETA 0,31.216622,-98.392426,TX
3030,1.0,129.72,36.75,1.0081662,-40.188617,115.0,SAN ANGELO 1 0,31.441078,-100.450499,TX
3031,1.0,14.73,4.17,0.9971917,-26.254366,115.0,TUSCOLA 0,32.21156,-99.798256,TX
3032,1.0,72.86,20.64,0.999911,-27.145405,115.0,ABILENE 7 0,32.454514,-99.738147,TX
3033,1.0,0.0,0.0,1.0072273,-15.053231,115.0,SNYDER 1 0,32.713561,-100.911902,TX
3034,2.0,0.0,0.0,1.03,-5.774789,22.0,SNYDER 1 1,32.713561,-100.911902,TX
3035,1.0,3.47,0.98,0.9959845,-44.739905,115.0,CHEROKEE 0,36.291321,-91.569368,AR
3036,1.0,5.8,1.64,0.9928838,-41.904562,115.0,RICHLAND SPRINGS 0,31.271513,-98.948647,TX
3037,1.0,0.0,0.0,1.0228519,-25.530863,230.0,ROSCOE 2 0,32.441934,-100.532231,TX
3038,1.0,0.0,0.0,1.0038849,-20.121033,115.0,ROSCOE 2 1,32.441934,-100.532231,TX
3039,2.0,0.0,0.0,1.0358056,-22.932201,13.8,ROSCOE 2 2,32.441934,-100.532231,TX
3040,1.0,14.61,4.14,0.9901182,-34.465473,115.0,BALLINGER 0,31.739146,-99.955413,TX
3041,1.0,0.0,0.0,1.0161746,-29.2954,230.0,SILVER 0,32.778581,-108.269409,NM
3042,1.0,8.75,2.48,1.0022267,-18.843463,115.0,SILVER 1,32.778581,-108.269409,NM
3043,2.0,0.0,0.0,1.0161746,-29.2954,13.8,SILVER 2,32.778581,-108.269409,NM
3044,2.0,0.0,0.0,1.0161746,-29.2954,13.8,SILVER 3,32.778581,-108.269409,NM
3045,2.0,0.0,0.0,1.0161746,-29.2954,13.8,SILVER 4,32.778581,-108.269409,NM
3046,1.0,0.0,0.0,1.0123792,-34.755563,230.0,ROSCOE 5 0,32.441934,-100.532231,TX
3047,1.0,0.0,0.0,1.02,-20.528194,115.0,ROSCOE 5 1,32.441934,-100.532231,TX
3048,2.0,0.0,0.0,1.0180016,-41.667111,500.0,ROSCOE 5 2,32.441934,-100.532231,TX
3049,1.0,10.58,3.0,1.0003414,-30.031027,115.0,ANSON 0,32.754511,-99.896175,TX
3050,1.0,0.0,0.0,1.0137598,-34.098699,230.0,DEL RIO 0,29.373045,-100.881851,TX
3051,1.0,145.29,41.17,0.9953169,-36.015782,115.0,DEL RIO 1,29.373045,-100.881851,TX
3052,1.0,8.08,2.29,0.9975297,-58.953369,115.0,HUNT 0,42.547566,-77.991204,NY
3053,1.0,0.0,0.0,1.0259886,-27.208467,230.0,WINGATE 0,32.045513,-100.104039,TX
3054,1.0,0.0,0.0,1.0057989,-26.722572,115.0,WINGATE 1,32.045513,-100.104039,TX
3055,2.0,0.0,0.0,1.04,-24.317883,13.8,WINGATE 2,32.045513,-100.104039,TX
3056,2.0,0.0,0.0,1.04,-21.727173,13.8,WINGATE 3,32.045513,-100.104039,TX
3057,2.0,0.0,0.0,1.04,-21.894762,13.8,WINGATE 4,32.045513,-100.104039,TX
3058,1.0,0.0,0.0,1.0289719,-24.015596,230.0,STERLING CITY 1 0,31.839175,-100.985878,TX
3059,1.0,0.0,0.0,1.0078403,-17.326662,115.0,STERLING CITY 1 1,31.839175,-100.985878,TX
3060,2.0,0.0,0.0,1.04,-16.429085,18.0,STERLING CITY 1 2,31.839175,-100.985878,TX
3061,2.0,0.0,0.0,1.04,-18.606442,18.0,STERLING CITY 1 3,31.839175,-100.985878,TX
3062,2.0,0.0,0.0,1.04,-21.295915,18.0,STERLING CITY 1 4,31.839175,-100.985878,TX
3063,2.0,0.0,0.0,1.04,-20.13927,18.0,STERLING CITY 1 5,31.839175,-100.985878,TX
3064,1.0,0.0,0.0,1.0155387,-18.483476,115.0,ROSCOE 4 0,32.441934,-100.532231,TX
3065,2.0,0.0,0.0,1.0,-12.363914,18.0,ROSCOE 4 1,32.441934,-100.532231,TX
3066,1.0,22.03,6.24,1.0008227,-42.961112,115.0,BRADY 0,31.115378,-99.345935,TX
3067,1.0,0.0,0.0,1.0257376,-19.847452,115.0,TRENT 1 0,32.48841,-100.123336,TX
3068,2.0,0.0,0.0,1.04,-16.950774,20.0,TRENT 1 1,32.48841,-100.123336,TX
3069,1.0,3.81,1.08,0.9961637,-29.61393,115.0,OVALO 0,31.0,-99.0,TX
3070,1.0,0.0,0.0,1.0172657,-21.149531,115.0,NOLAN 0,31.0,-99.0,TX
3071,2.0,0.0,0.0,1.0027765,-16.550419,24.0,NOLAN 1,31.0,-99.0,TX
3072,1.0,5.98,1.7,1.0030653,-38.791736,115.0,MILES 0,31.60062,-100.185317,TX
3073,1.0,0.0,0.0,1.0009688,-54.686037,115.0,BRACKETTVILLE 2 0,29.318201,-100.410503,TX
3074,2.0,0.0,0.0,1.0,-52.163522,13.8,BRACKETTVILLE 2 1,29.318201,-100.410503,TX
3075,1.0,12.18,3.45,0.9948176,-40.369102,115.0,MASON 0,30.747713,-99.228603,TX
3076,1.0,10.79,3.06,0.9972582,-56.137487,115.0,BRACKETTVILLE 3 0,29.318201,-100.410503,TX
3077,1.0,68.66,19.45,1.0003948,-28.088496,115.0,ABILENE 6 0,32.454514,-99.738147,TX
3078,1.0,0.0,0.0,1.0182663,-25.88082,230.0,HERMLEIGH 0,32.640775,-100.750485,TX
3079,1.0,0.0,0.0,1.0142237,-24.090342,161.0,HERMLEIGH 1,32.640775,-100.750485,TX
3080,1.0,0.0,0.0,1.0044855,-21.19207,115.0,HERMLEIGH 2,32.640775,-100.750485,TX
3081,2.0,0.0,0.0,1.04,-19.785023,20.0,HERMLEIGH 3,32.640775,-100.750485,TX
3082,1.0,0.0,0.0,1.0173671,-28.074949,230.0,MERKEL 1 0,32.469731,-100.011096,TX
3083,1.0,0.0,0.0,1.0112436,-24.253755,115.0,MERKEL 1 1,32.469731,-100.011096,TX
3084,2.0,0.0,0.0,1.0,-18.202932,13.8,MERKEL 1 2,32.469731,-100.011096,TX
3085,1.0,0.0,0.0,1.0036466,-18.446704,115.0,LORAINE 1 0,32.408651,-100.712515,TX
3086,2.0,0.0,0.0,1.0,-11.49954,13.2,LORAINE 1 1,32.408651,-100.712515,TX
3087,2.0,0.0,0.0,1.0036466,-18.446704,13.2,LORAINE 1 2,32.408651,-100.712515,TX
3088,1.0,0.0,0.0,1.02,-33.277037,230.0,ABILENE 1 0,32.454514,-99.738147,TX
3089,1.0,0.0,0.0,1.0194197,-35.945769,161.0,ABILENE 1 1,32.454514,-99.738147,TX
3090,1.0,0.0,0.0,1.0195628,-36.614078,161.0,ABILENE 1 2,32.454514,-99.738147,TX
3091,1.0,0.0,0.0,1.02,-37.51549,115.0,ABILENE 1 3,32.454514,-99.738147,TX
3092,2.0,0.0,0.0,1.04,-26.431971,13.8,ABILENE 1 4,32.454514,-99.738147,TX
3093,1.0,5.05,1.43,0.9973061,-58.33215,115.0,ROCKSPRINGS 0,30.017078,-100.213296,TX
3094,1.0,0.0,0.0,1.0137247,-23.300486,115.0,MERKEL 2 0,32.469731,-100.011096,TX
3095,2.0,0.0,0.0,1.04,-15.360146,18.0,MERKEL 2 1,32.469731,-100.011096,TX
3096,1.0,0.0,0.0,1.0196496,-21.48134,230.0,FLUVANNA 2 0,32.88322,-101.141469,TX
3097,1.0,0.0,0.0,1.0160797,-19.625366,115.0,FLUVANNA 2 1,32.88322,-101.141469,TX
3098,2.0,0.0,0.0,1.04,-12.800146,13.8,FLUVANNA 2 2,32.88322,-101.141469,TX
3099,1.0,12.08,3.42,0.9985501,-28.885531,115.0,DYESS AFB 0,31.0,-99.0,TX
3100,1.0,8.53,2.42,1.0003795,-35.020793,115.0,HAWLEY 0,32.606696,-99.810163,TX
3101,1.0,9.43,2.67,1.0017495,-48.15402,115.0,BUCHANAN DAM 2 0,30.815674,-98.452687,TX
3102,1.0,75.26,21.32,1.0108836,-37.659122,115.0,ABILENE 3 0,32.454514,-99.738147,TX
3103,1.0,39.32,11.14,1.0067647,-20.706659,115.0,SWEETWATER 5 0,32.469389,-100.408651,TX
3104,1.0,0.0,0.0,1.0087332,-47.729381,115.0,BUCHANAN DAM 1 0,30.815674,-98.452687,TX
3105,2.0,0.0,0.0,1.0065081,-42.108732,13.2,BUCHANAN DAM 1 1,30.815674,-98.452687,TX
3106,2.0,0.0,0.0,1.0,-41.07228,13.2,BUCHANAN DAM 1 2,30.815674,-98.452687,TX
3107,1.0,14.87,4.21,0.9922886,-59.06577,115.0,INGRAM 0,30.077052,-99.237509,TX
3108,1.0,23.52,6.66,1.0009429,-57.072045,115.0,KEMPNER 0,31.075496,-97.972729,TX
3109,1.0,0.0,0.0,1.0166353,-18.237594,115.0,FLUVANNA 1 0,32.88322,-101.141469,TX
3110,2.0,0.0,0.0,1.04,-10.722222,13.8,FLUVANNA 1 1,32.88322,-101.141469,TX
3111,1.0,0.0,0.0,1.0075028,-16.49223,115.0,STERLING CITY 2 0,31.839175,-100.985878,TX
3112,2.0,0.0,0.0,1.0,-8.322669,18.0,STERLING CITY 2 1,31.839175,-100.985878,TX
3113,2.0,0.0,0.0,1.0,-8.319085,18.0,STERLING CITY 2 2,31.839175,-100.985878,TX
3114,1.0,98.31,27.85,1.0055665,-34.546572,115.0,SAN ANGELO 2 0,31.441078,-100.450499,TX
3115,1.0,9.58,2.71,1.0026805,-21.923846,115.0,ROTAN 0,32.854047,-100.465519,TX
3116,1.0,0.0,0.0,1.0044781,-15.292694,115.0,SYNDER 0,31.0,-99.0,TX
3117,2.0,0.0,0.0,1.0,-12.2372,13.8,SYNDER 1,31.0,-99.0,TX
3118,2.0,0.0,0.0,1.0,-11.267693,13.8,SYNDER 2,31.0,-99.0,TX
3119,1.0,0.0,0.0,1.0228104,-52.15856,115.0,BRACKETTVILLE 1 0,29.318201,-100.410503,TX
3120,2.0,0.0,0.0,1.0231904,-50.68164,13.8,BRACKETTVILLE 1 1,29.318201,-100.410503,TX
3121,1.0,0.0,0.0,1.0131802,-16.426052,115.0,ROSCOE 1 0,32.441934,-100.532231,TX
3122,2.0,0.0,0.0,1.0,-7.550604,18.0,ROSCOE 1 1,32.441934,-100.532231,TX
3123,1.0,66.07,18.72,0.992523,-57.214879,115.0,UVALDE 0,29.215184,-99.777215,TX
3124,1.0,64.54,18.29,1.02,-60.021115,115.0,FREDERICKSBURG 0,30.26568,-98.875676,TX
3125,1.0,91.26,25.86,1.0038304,-37.687886,115.0,ABILENE 5 0,32.454514,-99.738147,TX
3126,1.0,9.96,2.82,1.02,-57.577916,115.0,SABINAL 0,29.321325,-99.469535,TX
3127,2.0,0.0,0.0,1.0148025,-16.483385,115.0,SWEETWATER 2 0,32.469389,-100.408651,TX
3128,1.0,2.82,0.8,1.0066934,-18.075987,115.0,LORAINE 2 0,32.408651,-100.712515,TX
3129,2.0,0.0,0.0,1.0204972,-16.897979,115.0,ROSCOE 3 0,32.441934,-100.532231,TX
3130,1.0,92.15,26.11,1.0025904,-19.10825,115.0,SAN ANGELO 3 0,31.441078,-100.450499,TX
3131,2.0,0.0,0.0,1.0175503,-22.172623,115.0,TUSOCOLA 0,31.0,-99.0,TX
3132,1.0,9.56,2.71,0.9910961,-40.363964,115.0,EDEN 0,31.216246,-99.843965,TX
3133,2.0,0.0,0.0,1.0165218,-22.12467,230.0,SNYDER 2 0,32.713561,-100.911902,TX
3134,1.0,0.0,0.0,1.0159936,-22.900335,161.0,SNYDER 2 1,32.713561,-100.911902,TX
3135,1.0,0.0,0.0,1.0073827,-19.339517,161.0,SNYDER 2 2,32.713561,-100.911902,TX
3136,1.0,46.96,13.3,1.0013606,-15.648669,115.0,SNYDER 2 3,32.713561,-100.911902,TX
3137,2.0,0.0,0.0,1.0171566,-23.627709,115.0,SWEETWATER 1 0,32.469389,-100.408651,TX
3138,1.0,10.95,3.1,1.0098204,-39.150745,115.0,MENARD 0,30.918441,-99.783678,TX
3139,1.0,14.92,4.23,0.9882783,-29.678592,115.0,WINTERS 0,31.949127,-99.959308,TX
3140,1.0,0.22,0.06,0.9931273,-30.103057,115.0,GOLDSBORO 0,35.378226,-77.971869,NC
3141,2.0,0.0,0.0,1.0157242,-17.828457,115.0,SWEETWATER 3 0,32.469389,-100.408651,TX
3142,1.0,7.07,2.0,1.0183086,-40.345005,115.0,GOODFELLOW AFB 0,31.0,-99.0,TX
3143,1.0,5.75,1.63,1.0000361,-38.881057,115.0,SANTA ANNA 0,31.736914,-99.325425,TX
3144,1.0,5.56,1.57,0.9940359,-39.807665,115.0,ROWENA 0,31.644231,-100.04811,TX
3145,1.0,2.94,0.83,1.0049354,-23.759681,115.0,TRENT 2 0,32.48841,-100.123336,TX
3146,1.0,12.04,3.41,1.0165387,-35.68992,115.0,JUNCTION 0,30.490759,-99.773222,TX
3147,1.0,34.76,9.85,1.02,-56.13382,115.0,LAMPASAS 0,31.064037,-98.182783,TX
4002,1.0,1.01,0.29,1.0150866,-53.25442,115.0,LAUGHLIN A F B 0,31.0,-99.0,TX
4003,1.0,127.29,36.07,0.9953162,-72.588868,115.0,EDINBURG 3 0,26.318285,-98.153449,TX
4004,1.0,0.0,0.0,1.0174615,-56.258627,230.0,LAREDO 7 0,27.560379,-99.489181,TX
4005,1.0,164.14,46.51,1.0152602,-60.471782,115.0,LAREDO 7 1,27.560379,-99.489181,TX
4006,1.0,2.75,0.78,1.0218593,-55.75123,115.0,BRUNI 2 0,27.428162,-98.832213,TX
4007,1.0,183.66,52.04,0.9994315,-73.182023,115.0,MCALLEN 2 0,26.224966,-98.246083,TX
4008,1.0,32.49,9.21,0.9886254,-55.039968,115.0,POTEET 0,29.037277,-98.572758,TX
4009,1.0,0.0,0.0,1.0221857,-46.738805,115.0,SARITA 3 0,27.22292,-97.795591,TX
4010,2.0,0.0,0.0,1.03,-43.89651,20.0,SARITA 3 1,27.22292,-97.795591,TX
4011,1.0,16.05,4.55,1.0151829,-57.738883,115.0,HEBBRONVILLE 0,27.324984,-98.685665,TX
4012,1.0,13.74,3.89,1.0144721,-69.422294,115.0,PROGRESO 0,26.09614,-97.956592,TX
4013,1.0,92.35,26.17,1.0012721,-71.685477,115.0,EDINBURG 2 0,26.318285,-98.153449,TX
4014,1.0,0.0,0.0,1.0166327,-53.200432,230.0,EAGLE PASS 0,28.712803,-100.484812,TX
4015,1.0,159.81,45.28,1.02,-54.698433,115.0,EAGLE PASS 1,28.712803,-100.484812,TX
4016,1.0,6.25,1.77,1.0035259,-50.350186,115.0,CHARLOTTE 0,28.85929,-98.700638,TX
4017,1.0,89.56,25.38,1.0082429,-48.630046,115.0,CORPUS CHRISTI 4 0,27.754252,-97.173385,TX
4018,1.0,7.14,2.02,0.9999583,-47.432605,115.0,WOODSBORO 0,28.237807,-97.32538,TX
4019,1.0,135.83,38.48,0.9854058,-67.650039,115.0,MERCEDES 0,26.153818,-97.912907,TX
4020,1.0,117.81,33.38,0.9824545,-50.499389,115.0,CORPUS CHRISTI 16 0,27.754252,-97.173385,TX
4021,1.0,31.97,9.06,0.9937482,-66.959248,115.0,EDCOUCH 0,26.293723,-97.963091,TX
4022,1.0,5.56,1.58,1.0026665,-59.942857,115.0,ENCINAL 0,28.040475,-99.354489,TX
4023,1.0,5.06,1.43,1.0034572,-52.491945,115.0,MOORE 0,29.057906,-99.0058,TX
4024,1.0,0.0,0.0,1.0170594,-42.38539,230.0,CHRISTINE 0,28.786224,-98.497734,TX
4025,1.0,0.0,0.0,1.013294,-46.293544,115.0,CHRISTINE 1,28.786224,-98.497734,TX
4026,2.0,0.0,0.0,1.03,-34.943464,13.8,CHRISTINE 2,28.786224,-98.497734,TX
4027,1.0,65.12,18.45,1.0118439,-73.200171,115.0,MCALLEN 3 0,26.224966,-98.246083,TX
4028,1.0,0.0,0.0,1.0139851,-33.929123,230.0,FANNIN 0,31.0,-99.0,TX
4029,1.0,0.0,0.0,1.013593,-35.899201,115.0,FANNIN 1,31.0,-99.0,TX
4030,2.0,0.0,0.0,1.01,-30.532262,13.8,FANNIN 2,31.0,-99.0,TX
4031,1.0,2.75,0.78,1.017365,-57.989348,115.0,SAN YGNACIO 0,27.053177,-99.423748,TX
4032,1.0,91.39,25.89,0.9801593,-55.258857,115.0,KINGSVILLE 0,27.509201,-97.861028,TX
4033,1.0,126.25,35.77,1.0019671,-59.036823,115.0,LAREDO 6 0,27.560379,-99.489181,TX
4034,1.0,37.64,10.66,0.999186,-71.648315,115.0,HIDALGO 0,26.108943,-98.24616,TX
4035,1.0,79.16,22.43,0.9849779,-48.942528,115.0,CORPUS CHRISTI 18 0,27.754252,-97.173385,TX
4036,1.0,35.07,9.94,0.991126,-55.745898,115.0,CRYSTAL CITY 0,28.690681,-99.827103,TX
4037,1.0,28.72,8.14,1.0085001,-49.34612,115.0,SINTON 0,28.037188,-97.501457,TX
4038,1.0,83.3,23.6,0.9915965,-48.698232,115.0,BEEVILLE 0,28.405244,-97.748931,TX
4039,1.0,0.0,0.0,1.0118192,-61.34303,230.0,MISSION 4 0,26.20406,-98.325221,TX
4040,1.0,225.66,63.94,1.02,-64.962558,115.0,MISSION 4 1,26.20406,-98.325221,TX
4041,1.0,0.0,0.0,1.0042423,-65.905051,230.0,SAN JUAN 0,26.189414,-98.151817,TX
4042,1.0,215.18,60.97,1.0097818,-71.139773,115.0,SAN JUAN 1,26.189414,-98.151817,TX
4043,1.0,2.47,0.7,1.0108197,-58.17846,115.0,FALCON HEIGHTS 2 0,26.560372,-99.122493,TX
4044,1.0,0.0,0.0,1.0133873,-56.903558,115.0,FALCON HEIGHTS 1 0,26.560372,-99.122493,TX
4045,2.0,0.0,0.0,1.02,-48.525449,13.8,FALCON HEIGHTS 1 1,26.560372,-99.122493,TX
4046,2.0,0.0,0.0,1.02,-53.028412,13.8,FALCON HEIGHTS 1 2,26.560372,-99.122493,TX
4047,2.0,0.0,0.0,1.02,-55.526981,13.8,FALCON HEIGHTS 1 3,26.560372,-99.122493,TX
4048,1.0,13.1,3.71,0.999781,-66.471509,115.0,LA JOYA 0,26.25786,-98.47642,TX
4049,1.0,0.0,0.0,1.004468,-60.64223,115.0,SEBASTIAN 2 0,26.345238,-97.796296,TX
4050,2.0,0.0,0.0,1.0,-57.218408,13.8,SEBASTIAN 2 1,26.345238,-97.796296,TX
4051,1.0,89.39,25.33,0.9830021,-54.697028,115.0,BISHOP 0,27.585254,-97.797403,TX
4052,2.0,0.0,0.0,1.019367,-50.491538,18.0,BISHOP 1,27.585254,-97.797403,TX
4053,1.0,0.11,0.03,1.0124327,-50.681833,115.0,ARMSTRONG 2 0,43.394387,-94.483411,IA
4054,1.0,5.6,1.59,0.9999935,-49.140342,115.0,SKIDMORE 0,28.268362,-97.685296,TX
4055,1.0,17.78,5.04,0.9882786,-47.779043,115.0,CORPUS CHRISTI 9 0,27.754252,-97.173385,TX
4056,1.0,0.0,0.0,1.0197263,-39.172142,230.0,GREGORY 0,27.923239,-97.290924,TX
4057,1.0,0.0,0.0,1.0009379,-44.655429,115.0,GREGORY 1,27.923239,-97.290924,TX
4058,2.0,0.0,0.0,1.03,-36.015071,13.8,GREGORY 2,27.923239,-97.290924,TX
4059,2.0,0.0,0.0,1.03,-36.929282,13.8,GREGORY 3,27.923239,-97.290924,TX
4060,2.0,0.0,0.0,1.03,-33.469023,13.8,GREGORY 4,27.923239,-97.290924,TX
4061,2.0,0.0,0.0,1.03,-34.518886,13.8,GREGORY 5,27.923239,-97.290924,TX
4062,2.0,0.0,0.0,1.03,-32.453909,13.8,GREGORY 6,27.923239,-97.290924,TX
4063,2.0,0.0,0.0,1.03,-35.20287,13.8,GREGORY 7,27.923239,-97.290924,TX
4064,1.0,8.82,2.5,0.99297,-48.15766,115.0,CORPUS CHRISTI 2 0,27.754252,-97.173385,TX
4065,2.0,0.0,0.0,1.02,-43.148107,18.0,CORPUS CHRISTI 2 1,27.754252,-97.173385,TX
4066,1.0,191.53,54.27,1.0118625,-73.748469,115.0,WESLACO 0,26.160549,-97.987654,TX
4067,1.0,159.46,45.18,0.9876811,-64.761386,115.0,HARLINGEN 1 0,26.191204,-97.697383,TX
4068,1.0,27.99,7.93,1.0018135,-73.14954,115.0,ELSA 0,26.297814,-97.993562,TX
4069,1.0,4.24,1.2,0.9937521,-48.021948,115.0,CORPUS CHRISTI 17 0,27.754252,-97.173385,TX
4070,1.0,0.0,0.0,1.0130314,-51.566956,230.0,BROWNSVILLE 2 0,25.995689,-97.450848,TX
4071,1.0,281.45,79.75,0.995135,-56.055373,115.0,BROWNSVILLE 2 1,25.995689,-97.450848,TX
4072,1.0,51.71,14.65,0.9947355,-47.711152,115.0,CORPUS CHRISTI 10 0,27.754252,-97.173385,TX
4073,1.0,0.0,0.0,1.0115984,-61.536012,230.0,MISSION 1 0,26.20406,-98.325221,TX
4074,1.0,0.0,0.0,1.0182823,-64.090802,115.0,MISSION 1 1,26.20406,-98.325221,TX
4075,2.0,0.0,0.0,1.0115984,-61.536012,24.0,MISSION 1 2,26.20406,-98.325221,TX
4076,2.0,0.0,0.0,1.03,-55.760267,24.0,MISSION 1 3,26.20406,-98.325221,TX
4077,2.0,0.0,0.0,1.03,-57.916656,24.0,MISSION 1 4,26.20406,-98.325221,TX
4078,1.0,84.07,23.82,0.9855115,-48.23115,115.0,CORPUS CHRISTI 8 0,27.754252,-97.173385,TX
4079,1.0,171.21,48.51,1.0072798,-68.026211,115.0,MISSION 3 0,26.20406,-98.325221,TX
4080,1.0,0.0,0.0,1.0282361,-44.302914,230.0,CORPUS CHRISTI 3 0,27.754252,-97.173385,TX
4081,1.0,0.0,0.0,1.0133673,-47.764069,115.0,CORPUS CHRISTI 3 1,27.754252,-97.173385,TX
4082,2.0,0.0,0.0,1.04,-37.738175,13.8,CORPUS CHRISTI 3 2,27.754252,-97.173385,TX
4083,2.0,0.0,0.0,1.04,-38.257771,13.8,CORPUS CHRISTI 3 3,27.754252,-97.173385,TX
4084,2.0,0.0,0.0,1.04,-41.011239,13.8,CORPUS CHRISTI 3 4,27.754252,-97.173385,TX
4085,2.0,0.0,0.0,1.04,-42.359185,13.8,CORPUS CHRISTI 3 5,27.754252,-97.173385,TX
4086,1.0,19.87,5.63,1.02,-61.302781,115.0,RIO HONDO 0,26.234627,-97.581466,TX
4087,1.0,2.08,0.59,1.0149695,-49.305226,115.0,CORPUS CHRISTI 5 0,27.754252,-97.173385,TX
4088,1.0,212.52,60.21,1.02,-72.875457,115.0,PHARR 0,26.163436,-98.19389,TX
4089,1.0,8.6,2.44,1.0022485,-64.747037,115.0,SANTA ROSA 1 0,26.256054,-97.825255,TX
4090,2.0,0.0,0.0,1.0022485,-64.747037,13.8,SANTA ROSA 1 1,26.256054,-97.825255,TX
4091,2.0,0.0,0.0,1.01,-62.098031,13.8,SANTA ROSA 1 2,26.256054,-97.825255,TX
4092,2.0,0.0,0.0,1.0022485,-64.747037,13.8,SANTA ROSA 1 3,26.256054,-97.825255,TX
4093,2.0,0.0,0.0,1.01,-60.924596,13.8,SANTA ROSA 1 4,26.256054,-97.825255,TX
4094,2.0,0.0,0.0,1.01,-63.301481,13.8,SANTA ROSA 1 5,26.256054,-97.825255,TX
4095,2.0,0.0,0.0,1.01,-61.812281,13.8,SANTA ROSA 1 6,26.256054,-97.825255,TX
4096,2.0,0.0,0.0,1.0022485,-64.747037,13.8,SANTA ROSA 1 7,26.256054,-97.825255,TX
4097,2.0,0.0,0.0,1.01,-61.419655,13.8,SANTA ROSA 1 8,26.256054,-97.825255,TX
4098,2.0,0.0,0.0,1.0022485,-64.747037,13.8,SANTA ROSA 1 9,26.256054,-97.825255,TX
4099,1.0,15.17,4.3,0.9920806,-50.159937,115.0,ODEM 0,27.946241,-97.587518,TX
4100,1.0,50.6,14.34,0.9923566,-47.608662,115.0,CORPUS CHRISTI 13 0,27.754252,-97.173385,TX
4101,1.0,128.14,36.31,0.9993778,-58.884792,115.0,LAREDO 3 0,27.560379,-99.489181,TX
4102,1.0,24.17,6.85,1.0038421,-58.882738,115.0,OLMITO 0,26.027593,-97.540059,TX
4103,1.0,189.88,53.8,1.004882,-74.23801,115.0,EDINBURG 1 0,26.318285,-98.153449,TX
4104,1.0,0.0,0.0,0.9976876,-46.690048,115.0,TAFT 2 0,27.980032,-97.392828,TX
4105,2.0,0.0,0.0,1.01,-43.311953,18.0,TAFT 2 1,27.980032,-97.392828,TX
4106,1.0,37.55,10.64,0.9964684,-58.201038,115.0,PORT ISABEL 0,26.063045,-97.24669,TX
4107,1.0,118.36,33.54,1.0073043,-72.660762,115.0,DONNA 0,26.16105,-98.038929,TX
4108,1.0,28.34,8.03,0.9980118,-45.215826,115.0,INGLESIDE 0,27.870608,-97.207906,TX
4109,1.0,110.86,31.41,0.9822351,-49.95144,115.0,CORPUS CHRISTI 11 0,27.754252,-97.173385,TX
4110,1.0,57.35,16.25,1.0031488,-63.107453,115.0,LOS FRESNOS 0,26.074062,-97.488017,TX
4111,1.0,104.08,29.49,0.9848204,-67.349875,115.0,HARLINGEN 2 0,26.191204,-97.697383,TX
4112,1.0,5.59,1.58,1.0098694,-54.663217,115.0,RIVIERA 0,27.299534,-97.79809,TX
4113,1.0,0.0,0.0,1.0216271,-55.738632,230.0,LAREDO 1 0,27.560379,-99.489181,TX
4114,1.0,0.0,0.0,1.0116506,-57.926734,115.0,LAREDO 1 1,27.560379,-99.489181,TX
4115,2.0,0.0,0.0,1.04,-51.925268,13.8,LAREDO 1 2,27.560379,-99.489181,TX
4116,2.0,0.0,0.0,1.04,-51.970916,13.8,LAREDO 1 3,27.560379,-99.489181,TX
4117,1.0,18.89,5.35,1.0092417,-48.036754,115.0,JOURDANTON 0,28.914045,-98.540806,TX
4118,1.0,13.88,3.93,0.9821868,-56.409922,115.0,GEORGE WEST 0,28.33,-98.118304,TX
4119,1.0,55.57,15.75,1.0085597,-58.1532,115.0,ROMA 0,26.414741,-99.003922,TX
4120,1.0,46.52,13.18,0.9889244,-47.922079,115.0,CORPUS CHRISTI 12 0,27.754252,-97.173385,TX
4121,1.0,4.11,1.16,1.0103282,-68.810858,115.0,SANTA MARIA 0,26.076963,-97.847445,TX
4122,1.0,146.11,41.4,1.0068724,-71.892262,115.0,MCALLEN 1 0,26.224966,-98.246083,TX
4123,1.0,90.5,25.64,0.9885219,-50.068629,115.0,CORPUS CHRISTI 7 0,27.754252,-97.173385,TX
4124,1.0,24.38,6.91,0.9927773,-62.572249,115.0,FALFURRIAS 0,27.22441,-98.145191,TX
4125,1.0,4.5,1.28,0.9924637,-46.260047,115.0,PETTUS 0,28.615594,-97.812093,TX
4126,1.0,127.38,36.09,1.0041991,-56.484022,115.0,BROWNSVILLE 3 0,25.995689,-97.450848,TX
4127,1.0,87.29,24.73,0.9988259,-58.181454,115.0,ALICE 0,27.755616,-98.065812,TX
4128,1.0,123.51,35.0,0.9957573,-69.675533,115.0,RIO GRANDE CITY 0,26.380999,-98.821478,TX
4129,1.0,18.51,5.25,1.0247231,-56.325496,115.0,PREMONT 0,27.358516,-98.12443,TX
4130,1.0,9.48,2.69,1.02,-57.775884,115.0,FREER 0,27.882178,-98.617385,TX
4131,1.0,0.0,0.0,1.02,-50.629744,230.0,PEARSALL 0,28.892921,-99.097169,TX
4132,1.0,33.09,9.38,1.0180104,-51.568094,115.0,PEARSALL 1,28.892921,-99.097169,TX
4133,2.0,0.0,0.0,1.02,-50.629744,20.0,PEARSALL 2,28.892921,-99.097169,TX
4134,2.0,0.0,0.0,1.0146714,-49.792392,20.0,PEARSALL 3,28.892921,-99.097169,TX
4135,2.0,0.0,0.0,1.0150672,-49.831406,20.0,PEARSALL 4,28.892921,-99.097169,TX
4136,2.0,0.0,0.0,1.0133706,-49.58127,20.0,PEARSALL 5,28.892921,-99.097169,TX
4137,2.0,0.0,0.0,1.02,-50.629744,20.0,PEARSALL 6,28.892921,-99.097169,TX
4138,2.0,0.0,0.0,1.02,-50.629744,20.0,PEARSALL 7,28.892921,-99.097169,TX
4139,1.0,10.62,3.01,0.9828805,-54.805601,115.0,SANDIA 0,28.02124,-97.867639,TX
4140,1.0,0.0,0.0,1.0284504,-48.735268,230.0,SARITA 1 0,27.22292,-97.795591,TX
4141,1.0,0.0,0.0,1.02,-51.913309,115.0,SARITA 1 1,27.22292,-97.795591,TX
4142,2.0,0.0,0.0,1.0392398,-46.638291,13.8,SARITA 1 2,27.22292,-97.795591,TX
4143,1.0,14.36,4.07,1.0014347,-54.199628,115.0,DILLEY 0,28.667517,-99.176465,TX
4144,1.0,16.36,4.63,0.9846782,-56.116972,115.0,ORANGE GROVE 0,27.956203,-97.938553,TX
4145,1.0,49.86,14.13,0.9925058,-46.723511,115.0,PORTLAND 0,27.889048,-97.331598,TX
4146,1.0,0.0,0.0,1.0214046,-55.90079,230.0,LAREDO 4 0,27.560379,-99.489181,TX
4147,1.0,193.64,54.87,1.02,-57.744443,115.0,LAREDO 4 1,27.560379,-99.489181,TX
4148,1.0,14.64,4.15,0.98881,-57.961671,115.0,THREE RIVERS 0,28.466853,-98.177947,TX
4149,1.0,61.36,17.38,0.9939825,-45.086022,115.0,ROCKPORT 0,28.047649,-97.049971,TX
4150,1.0,12.53,3.55,0.9883994,-48.598934,115.0,CORPUS CHRISTI 15 0,27.754252,-97.173385,TX
4151,1.0,0.0,0.0,1.0228111,-49.969081,230.0,ARMSTRONG 1 0,43.394387,-94.483411,IA
4152,1.0,0.0,0.0,1.018349,-48.544303,115.0,ARMSTRONG 1 1,43.394387,-94.483411,IA
4153,2.0,0.0,0.0,1.0329325,-48.131552,18.0,ARMSTRONG 1 2,43.394387,-94.483411,IA
4154,1.0,26.32,7.46,0.9967079,-67.892963,115.0,PENITAS 0,26.258315,-98.438645,TX
4155,1.0,19.45,5.51,1.0018169,-65.794833,115.0,SULLIVAN CITY 0,26.275217,-98.564441,TX
4156,1.0,108.01,30.6,0.9917195,-49.550614,115.0,CORPUS CHRISTI 6 0,27.754252,-97.173385,TX
4157,1.0,104.67,29.66,1.0039692,-70.332688,115.0,MISSION 2 0,26.20406,-98.325221,TX
4158,1.0,0.0,0.0,1.0140282,-42.173247,230.0,CORPUS CHRISTI 1 0,27.754252,-97.173385,TX
4159,1.0,36.18,10.25,0.9989053,-46.393269,115.0,CORPUS CHRISTI 1 1,27.754252,-97.173385,TX
4160,2.0,0.0,0.0,1.03,-39.572965,13.8,CORPUS CHRISTI 1 2,27.754252,-97.173385,TX
4161,2.0,0.0,0.0,1.03,-39.330103,13.8,CORPUS CHRISTI 1 3,27.754252,-97.173385,TX
4162,2.0,0.0,0.0,1.03,-38.581804,13.8,CORPUS CHRISTI 1 4,27.754252,-97.173385,TX
4163,2.0,0.0,0.0,1.0140282,-42.173247,13.8,CORPUS CHRISTI 1 5,27.754252,-97.173385,TX
4164,1.0,2.03,0.57,1.0019971,-64.771365,115.0,GRULLA 0,31.0,-99.0,TX
4165,1.0,0.0,0.0,1.0209679,-46.52214,115.0,SARITA 2 0,27.22292,-97.795591,TX
4166,2.0,0.0,0.0,1.0070147,-42.634669,13.8,SARITA 2 1,27.22292,-97.795591,TX
4167,1.0,5.31,1.5,0.9945078,-68.007046,115.0,HARGILL 0,26.442289,-98.014559,TX
4168,1.0,8.87,2.51,0.9973913,-46.704142,115.0,CORPUS CHRISTI 14 0,27.754252,-97.173385,TX
4169,1.0,27.68,7.84,0.9870834,-52.22943,115.0,MATHIS 0,28.090918,-97.817048,TX
4170,1.0,35.86,10.16,0.9886613,-46.962951,115.0,ARANSAS PASS 0,27.914964,-97.103203,TX
4171,1.0,167.63,47.5,1.0092521,-62.492743,115.0,SAN BENITO 0,26.129398,-97.64405,TX
4172,1.0,42.31,11.99,1.0020348,-50.905923,115.0,PLEASANTON 0,28.964207,-98.49569,TX
4173,1.0,12.05,3.42,0.9984828,-40.644489,115.0,REFUGIO 0,28.307445,-97.274981,TX
4174,1.0,19.16,5.43,1.0126731,-57.738859,115.0,LYTLE 0,29.234619,-98.793675,TX
4175,1.0,3.16,0.89,1.02,-56.22585,115.0,LAREDO 2 0,27.560379,-99.489181,TX
4176,1.0,0.0,0.0,1.034496,-52.807237,115.0,BRUNI 1 0,27.428162,-98.832213,TX
4177,2.0,0.0,0.0,1.04,-49.439583,13.8,BRUNI 1 1,27.428162,-98.832213,TX
4178,1.0,17.46,4.95,1.02,-46.812409,115.0,GOLIAD 0,28.671131,-97.392595,TX
4179,1.0,19.92,5.64,1.0067454,-58.432107,115.0,SAN DIEGO 0,27.760891,-98.238906,TX
4180,1.0,10.76,3.05,0.9864044,-48.01862,115.0,PORT ARANSAS 0,27.820898,-97.089193,TX
4181,2.0,0.0,0.0,1.022373,-39.371145,230.0,TAFT 1 0,27.980032,-97.392828,TX
4182,1.0,22.68,6.43,1.002904,-43.431028,115.0,TAFT 1 1,27.980032,-97.392828,TX
4183,2.0,0.0,0.0,1.0170732,-49.910218,230.0,SAN PERLITA 0,26.500994,-97.639648,TX
4184,1.0,0.0,0.0,1.0035301,-57.692272,115.0,SAN PERLITA 1,26.500994,-97.639648,TX
4185,1.0,37.84,10.72,1.0167208,-58.881248,115.0,ZAPATA 0,26.902166,-99.261428,TX
4186,1.0,37.06,10.5,0.9972866,-69.364133,115.0,SANTA ROSA 2 0,26.256054,-97.825255,TX
4187,1.0,15.06,4.27,0.992393,-59.111382,115.0,COTULLA 0,28.436376,-99.236711,TX
4188,1.0,2.97,0.84,1.0224832,-53.386837,115.0,QUEMADO 0,28.947141,-100.623748,TX
4189,1.0,29.89,8.47,0.9879807,-57.016369,115.0,CARRIZO SPRINGS 0,28.525843,-99.859255,TX
4190,1.0,132.46,37.53,1.0055584,-58.682221,115.0,LAREDO 5 0,27.560379,-99.489181,TX
4191,1.0,46.43,13.16,1.0004634,-55.834697,115.0,RAYMONDVILLE 0,26.475708,-97.777744,TX
4192,2.0,0.0,0.0,1.02,-50.725959,230.0,BROWNSVILLE 1 0,25.995689,-97.450848,TX
4193,1.0,178.22,50.5,1.012689,-53.473848,115.0,BROWNSVILLE 1 1,25.995689,-97.450848,TX
4194,2.0,0.0,0.0,0.9994659,-61.602117,115.0,SEBASTIAN 1 0,26.345238,-97.796296,TX
4195,2.0,0.0,0.0,1.0305723,-51.459012,500.0,OILTON 0,27.469269,-98.967237,TX
4196,1.0,0.0,0.0,1.0281583,-52.957769,230.0,OILTON 1,27.469269,-98.967237,TX
4197,1.0,0.0,0.0,1.023493,-54.957405,115.0,OILTON 2,27.469269,-98.967237,TX
5003,1.0,113.64,32.2,0.9881979,-70.877461,161.0,GARLAND 5 0,32.909826,-96.630334,TX
5004,1.0,11.69,3.31,0.9866893,-63.624837,161.0,KERENS 0,32.131157,-96.2257,TX
5005,1.0,8.95,2.53,1.0093481,-55.202858,161.0,LIPAN 0,32.518651,-98.047055,TX
5006,1.0,100.19,28.39,0.9938726,-70.413557,161.0,DALLAS 24 0,32.793333,-96.766513,TX
5007,1.0,72.05,20.42,0.9935528,-66.108374,161.0,DENTON 4 0,33.217449,-97.141346,TX
5008,1.0,7.6,2.15,1.0061407,-43.584492,161.0,ALBANY 2 0,32.727266,-99.295664,TX
5009,1.0,62.68,17.76,0.9958585,-71.667254,161.0,DALLAS 21 0,32.793333,-96.766513,TX
5010,1.0,133.87,37.93,0.995436,-69.630466,161.0,PLANO 2 0,33.050769,-96.747944,TX
5011,1.0,7.64,2.17,1.0035773,-55.469556,161.0,THORNTON 0,31.409957,-96.573614,TX
5012,1.0,81.32,23.04,0.9913186,-66.588772,161.0,DENTON 5 0,33.217449,-97.141346,TX
5013,1.0,19.34,5.48,1.02,-51.51441,161.0,EARLY 0,31.742153,-98.936602,TX
5014,1.0,46.76,13.25,0.9945227,-62.796069,161.0,DECATUR 0,33.225922,-97.586986,TX
5015,1.0,0.0,0.0,1.0031861,-61.564671,500.0,KELLER 2 0,32.932877,-97.224513,TX
5016,1.0,181.16,51.33,1.0013037,-66.191412,161.0,KELLER 2 1,32.932877,-97.224513,TX
5017,1.0,13.85,3.93,0.9912948,-67.458749,161.0,PONDER 0,33.171716,-97.296467,TX
5018,1.0,0.0,0.0,1.0040797,-48.691906,500.0,JACKSBORO 1 0,33.225763,-98.159169,TX
5019,1.0,0.0,0.0,1.0014802,-50.447919,161.0,JACKSBORO 1 1,33.225763,-98.159169,TX
5020,2.0,0.0,0.0,1.0,-46.981377,13.8,JACKSBORO 1 2,33.225763,-98.159169,TX
5021,1.0,0.0,0.0,1.000305,-59.459441,500.0,ALEDO 1 0,32.698254,-97.608384,TX
5022,1.0,140.24,39.73,0.9976124,-63.185817,161.0,ALEDO 1 1,32.698254,-97.608384,TX
5023,2.0,0.0,0.0,1.000305,-59.459441,13.8,ALEDO 1 2,32.698254,-97.608384,TX
5024,1.0,50.92,14.43,1.0025643,-55.893326,161.0,GATESVILLE 4 0,31.438667,-97.746027,TX
5025,1.0,74.46,21.1,0.9947174,-62.513049,161.0,CLEBURNE 2 0,32.354993,-97.411558,TX
5026,1.0,71.11,20.15,0.9896091,-67.694085,161.0,FORT WORTH 14 0,32.781954,-97.348573,TX
5027,1.0,74.13,21.0,0.9929789,-68.554695,161.0,FORT WORTH 23 0,32.781954,-97.348573,TX
5028,1.0,9.35,2.65,0.9979943,-68.658914,161.0,FORT WORTH 1 0,32.781954,-97.348573,TX
5029,1.0,12.77,3.62,1.0010118,-54.814168,161.0,TROY 0,31.193982,-97.300358,TX
5030,1.0,79.61,22.55,0.9898628,-66.293625,161.0,SPRINGTOWN 0,32.9693,-97.680424,TX
5031,1.0,42.36,12.0,1.0019907,-66.736039,161.0,PRINCETON 0,33.184474,-96.509393,TX
5032,1.0,47.16,13.36,0.9920347,-69.807997,161.0,DALLAS 27 0,32.793333,-96.766513,TX
5033,1.0,0.0,0.0,1.0108272,-63.990366,500.0,DALLAS 1 0,32.793333,-96.766513,TX
5034,1.0,55.35,15.68,1.0045242,-66.208417,161.0,DALLAS 1 1,32.793333,-96.766513,TX
5035,2.0,0.0,0.0,1.0108272,-63.990366,13.2,DALLAS 1 2,32.793333,-96.766513,TX
5036,2.0,0.0,0.0,1.0108272,-63.990366,13.2,DALLAS 1 3,32.793333,-96.766513,TX
5037,2.0,0.0,0.0,1.02,-63.363294,13.2,DALLAS 1 4,32.793333,-96.766513,TX
5038,2.0,0.0,0.0,1.02,-63.341972,13.2,DALLAS 1 5,32.793333,-96.766513,TX
5039,2.0,0.0,0.0,1.0193907,-63.709639,13.2,DALLAS 1 6,32.793333,-96.766513,TX
5040,2.0,0.0,0.0,1.02,-63.144114,13.2,DALLAS 1 7,32.793333,-96.766513,TX
5041,2.0,0.0,0.0,1.02,-63.404899,13.2,DALLAS 1 8,32.793333,-96.766513,TX
5042,2.0,0.0,0.0,1.02,-63.294734,13.2,DALLAS 1 9,32.793333,-96.766513,TX
5043,1.0,68.1,19.29,0.9849512,-69.76912,161.0,ROYSE CITY 0,32.975927,-96.314662,TX
5044,1.0,17.5,4.96,0.99624,-63.170031,161.0,BOYD 0,33.084347,-97.563208,TX
5045,1.0,0.0,0.0,1.0101953,-48.990173,500.0,STEPHENVILLE 0,32.214544,-98.219885,TX
5046,1.0,77.11,21.85,1.0076662,-51.030472,161.0,STEPHENVILLE 1,32.214544,-98.219885,TX
5047,1.0,0.0,0.0,1.008209,-59.913277,500.0,MANSFIELD 0,32.569188,-97.120532,TX
5048,1.0,184.54,52.29,0.9961088,-64.259438,161.0,MANSFIELD 1,32.569188,-97.120532,TX
5049,1.0,0.0,0.0,1.0061526,-59.97429,500.0,GREENVILLE 1 0,33.111939,-96.110256,TX
5050,1.0,64.6,18.3,1.0022885,-64.457261,161.0,GREENVILLE 1 1,33.111939,-96.110256,TX
5051,2.0,0.0,0.0,1.01321,-59.204881,22.0,GREENVILLE 1 2,33.111939,-96.110256,TX
5052,1.0,0.0,0.0,1.0040685,-63.170691,115.0,GREENVILLE 1 3,33.111939,-96.110256,TX
5053,1.0,152.78,43.29,0.988509,-69.590178,161.0,PLANO 4 0,33.050769,-96.747944,TX
5054,1.0,21.17,6.0,0.9939944,-57.448254,161.0,GROESBECK 0,31.525623,-96.528061,TX
5055,1.0,0.0,0.0,1.0028488,-50.212442,500.0,GRAHAM 0,33.100881,-98.577806,TX
5056,1.0,40.4,11.45,1.0013891,-51.068301,161.0,GRAHAM 1,33.100881,-98.577806,TX
5057,2.0,0.0,0.0,1.0028488,-50.212442,13.8,GRAHAM 2,33.100881,-98.577806,TX
5058,2.0,0.0,0.0,1.0,-47.442478,13.8,GRAHAM 3,33.100881,-98.577806,TX
5059,1.0,0.0,0.0,0.9954944,-64.250557,161.0,MABANK 2 0,32.371862,-96.109504,TX
5060,1.0,0.0,0.0,0.9983701,-66.61182,115.0,MABANK 2 1,32.371862,-96.109504,TX
5061,1.0,0.0,0.0,1.02,-69.97037,115.0,MABANK 2 2,32.371862,-96.109504,TX
5062,1.0,43.74,12.39,0.9916922,-74.340444,115.0,MABANK 2 3,32.371862,-96.109504,TX
5063,1.0,0.0,0.0,1.0102842,-62.188112,500.0,ARLINGTON 1 0,32.700708,-97.124691,TX
5064,1.0,77.07,21.84,1.0014714,-66.397616,161.0,ARLINGTON 1 1,32.700708,-97.124691,TX
5065,2.0,0.0,0.0,1.0112453,-62.084891,13.8,ARLINGTON 1 2,32.700708,-97.124691,TX
5066,2.0,0.0,0.0,1.0102842,-62.188112,13.8,ARLINGTON 1 3,32.700708,-97.124691,TX
5067,2.0,0.0,0.0,1.03,-59.6097,13.8,ARLINGTON 1 4,32.700708,-97.124691,TX
5068,2.0,0.0,0.0,1.03,-59.485033,13.8,ARLINGTON 1 5,32.700708,-97.124691,TX
5069,2.0,0.0,0.0,1.03,-59.314316,13.8,ARLINGTON 1 6,32.700708,-97.124691,TX
5070,1.0,74.65,21.15,0.9904136,-70.297001,161.0,DALLAS 41 0,32.793333,-96.766513,TX
5071,1.0,74.11,21.0,1.009716,-54.850173,161.0,WACO 3 0,31.557994,-97.18975,TX
5072,1.0,72.34,20.5,0.9937663,-69.873004,161.0,DALLAS 19 0,32.793333,-96.766513,TX
5073,1.0,8.83,2.5,1.0174034,-46.702322,161.0,BANGS 0,31.71613,-99.13032,TX
5074,1.0,31.78,9.0,0.9954315,-69.57021,161.0,PROSPER 0,33.241332,-96.812388,TX
5075,1.0,3.96,1.12,1.0023458,-56.953983,161.0,EVANT 0,31.476158,-98.15016,TX
5076,1.0,0.0,0.0,1.0003492,-71.668567,161.0,TERRELL 1 0,32.725827,-96.298003,TX
5077,1.0,18.49,5.24,1.02,-72.655727,115.0,TERRELL 1 1,32.725827,-96.298003,TX
5078,1.0,66.42,18.82,0.9891633,-66.892194,161.0,AUBREY 0,33.30855,-96.979088,TX
5079,1.0,38.19,10.82,1.0135063,-56.311754,161.0,WACO 4 0,31.557994,-97.18975,TX
5080,1.0,37.61,10.66,0.9947927,-57.204626,161.0,LORENA 0,31.383111,-97.210204,TX
5081,1.0,89.83,25.45,0.9998592,-55.861695,161.0,FORT HOOD 0,31.136873,-97.784923,TX
5082,1.0,102.22,28.96,0.9947262,-69.665281,161.0,ARLINGTON 5 0,32.700708,-97.124691,TX
5083,1.0,0.0,0.0,1.0090512,-63.680084,500.0,MCKINNEY 3 0,33.201125,-96.664161,TX
5084,1.0,224.2,63.52,0.994379,-67.977407,161.0,MCKINNEY 3 1,33.201125,-96.664161,TX
5085,1.0,51.3,14.54,0.9881085,-69.837505,161.0,DALLAS 38 0,32.793333,-96.766513,TX
5086,1.0,92.04,26.08,0.9889081,-69.240985,161.0,ARLINGTON 9 0,32.700708,-97.124691,TX
5087,1.0,4.13,1.17,0.9906554,-63.829471,161.0,MILFORD 0,32.121506,-96.95001,TX
5088,1.0,0.0,0.0,0.9974456,-59.156058,161.0,CLIFTON 1 0,31.782037,-97.581879,TX
5089,2.0,0.0,0.0,0.9974456,-59.156058,13.8,CLIFTON 1 1,31.782037,-97.581879,TX
5090,1.0,108.74,30.81,0.9972223,-71.06439,161.0,DALLAS 15 0,32.793333,-96.766513,TX
5091,1.0,5.33,1.51,0.9906147,-63.229588,161.0,FROST 0,32.079251,-96.808597,TX
5092,1.0,17.62,4.99,0.9924315,-67.146668,161.0,GRANDVIEW 0,32.268383,-97.178948,TX
5093,1.0,47.98,13.6,1.0055571,-67.669604,161.0,HASLET 0,32.966518,-97.337825,TX
5094,1.0,2.66,0.75,1.0074121,-61.042774,161.0,BARDWELL 0,32.267076,-96.695539,TX
5095,1.0,32.24,9.14,1.0021916,-69.576129,161.0,LAKE DALLAS 0,33.127781,-97.022786,TX
5096,1.0,61.74,17.49,0.9960835,-68.670092,161.0,PLANO 1 0,33.050769,-96.747944,TX
5097,1.0,82.57,23.4,0.997885,-68.007142,161.0,EULESS 2 0,32.849366,-97.078592,TX
5098,1.0,156.22,44.26,1.0115393,-68.853435,161.0,FORT WORTH 24 0,32.781954,-97.348573,TX
5099,1.0,67.63,19.16,1.02,-69.8461,161.0,FLOWER MOUND 2 0,33.037891,-97.113381,TX
5100,1.0,22.45,6.36,0.9958114,-69.428968,161.0,DALLAS 11 0,32.793333,-96.766513,TX
5101,1.0,22.63,6.41,1.0144915,-52.696875,161.0,COMANCHE 0,31.900484,-98.604364,TX
5102,1.0,0.0,0.0,1.0044233,-64.722692,500.0,RICHARDSON 2 0,32.972291,-96.708069,TX
5103,1.0,234.49,66.44,0.9948101,-69.010093,161.0,RICHARDSON 2 1,32.972291,-96.708069,TX
5104,1.0,79.02,22.39,0.9889341,-67.209662,161.0,FORT WORTH 8 0,32.781954,-97.348573,TX
5105,1.0,105.27,29.83,0.9941778,-70.710651,161.0,IRVING 1 0,32.857748,-96.970022,TX
5106,2.0,0.0,0.0,0.9941778,-70.710651,13.8,IRVING 1 1,32.857748,-96.970022,TX
5107,2.0,0.0,0.0,0.9941778,-70.710651,13.8,IRVING 1 2,32.857748,-96.970022,TX
5108,1.0,40.12,11.37,1.0109548,-68.307063,161.0,DALLAS 44 0,32.793333,-96.766513,TX
5109,1.0,53.98,15.29,0.9854655,-69.200746,161.0,LANCASTER 1 0,32.596203,-96.773789,TX
5110,1.0,3.44,0.97,0.9880366,-54.507333,161.0,PALO PINTO 2 0,32.773557,-98.302042,TX
5111,1.0,37.24,10.55,0.9934501,-71.108891,161.0,ADDISON 0,32.963744,-96.833805,TX
5112,1.0,14.25,4.04,1.0092249,-56.070872,161.0,HICO 0,31.98511,-98.028405,TX
5113,1.0,21.58,6.11,0.998664,-67.755705,161.0,KRUM 0,33.265033,-97.224939,TX
5114,1.0,56.95,16.13,0.9899661,-69.181123,161.0,KAUFMAN 0,32.577249,-96.313715,TX
5115,1.0,17.73,5.02,1.0106333,-67.203942,161.0,CADDO MILLS 0,33.074543,-96.226924,TX
5116,1.0,141.56,40.11,0.9925265,-70.500099,161.0,PLANO 7 0,33.050769,-96.747944,TX
5117,1.0,128.28,36.35,0.984546,-69.211167,161.0,FORT WORTH 5 0,32.781954,-97.348573,TX
5118,1.0,8.65,2.45,1.0053914,-44.907048,161.0,BAIRD 0,32.396067,-99.395993,TX
5119,1.0,4.4,1.25,1.0007521,-56.263513,161.0,PERRIN 0,33.034582,-98.068784,TX
5120,1.0,0.0,0.0,1.0237229,-46.788066,500.0,BROWNWOOD 0,31.712856,-98.977053,TX
5121,1.0,76.66,21.72,1.0191014,-47.410149,161.0,BROWNWOOD 1,31.712856,-98.977053,TX
5122,1.0,65.0,18.42,0.9931224,-70.817338,161.0,DALLAS 6 0,32.793333,-96.766513,TX
5123,1.0,0.0,0.0,1.0052716,-52.824385,161.0,MARLIN 0,31.308039,-96.89318,TX
5124,1.0,26.69,7.56,1.0023328,-51.872428,115.0,MARLIN 1,31.308039,-96.89318,TX
5125,1.0,67.92,19.24,0.9988884,-67.350088,161.0,ARLINGTON 6 0,32.700708,-97.124691,TX
5126,1.0,173.21,49.08,0.9878538,-71.357811,161.0,DALLAS 8 0,32.793333,-96.766513,TX
5127,1.0,3.89,1.1,1.0106436,-56.343168,161.0,JONESBORO 0,35.819755,-90.679033,AR
5128,1.0,90.51,25.65,0.9909872,-70.588514,161.0,DALLAS 33 0,32.793333,-96.766513,TX
5129,1.0,14.89,4.22,1.0222101,-51.178908,161.0,GOLDTHWAITE 2 0,31.450806,-98.57352,TX
5130,1.0,99.79,28.27,0.990531,-69.549916,161.0,PLANO 5 0,33.050769,-96.747944,TX
5131,1.0,0.0,0.0,1.0207407,-50.671252,500.0,BELTON 0,31.052345,-97.479542,TX
5132,1.0,102.52,29.05,1.0130469,-52.90339,161.0,BELTON 1,31.052345,-97.479542,TX
5133,1.0,12.16,3.45,1.0084332,-55.652426,161.0,TOLAR 0,32.390005,-97.920098,TX
5134,1.0,26.98,7.64,1.0013979,-47.731605,161.0,BRECKENRIDGE 0,32.756751,-98.912985,TX
5135,1.0,27.59,7.82,1.0115574,-52.920916,161.0,EASTLAND 0,32.402156,-98.817671,TX
5136,1.0,11.94,3.38,0.9939977,-63.065891,161.0,COOPER 0,33.371987,-95.690702,TX
5137,1.0,0.0,0.0,1.0157223,-54.220468,500.0,WACO 1 0,31.557994,-97.18975,TX
5138,1.0,105.04,29.76,1.0130897,-55.52338,161.0,WACO 1 1,31.557994,-97.18975,TX
5139,1.0,86.38,24.47,1.0076491,-71.895508,161.0,DALLAS 42 0,32.793333,-96.766513,TX
5140,1.0,8.65,2.45,1.0008337,-56.346643,161.0,GATESVILLE 1 0,31.438667,-97.746027,TX
5141,1.0,45.38,12.86,0.9951554,-67.006122,161.0,ANNA 0,33.348167,-96.553452,TX
5142,1.0,15.53,4.4,0.9979037,-56.117934,161.0,MOODY 0,31.306581,-97.358952,TX
5143,1.0,87.45,24.78,0.9984353,-67.180754,161.0,FORT WORTH 2 0,32.781954,-97.348573,TX
5144,1.0,73.43,20.8,1.003407,-56.489341,161.0,WACO 6 0,31.557994,-97.18975,TX
5145,1.0,117.86,33.39,0.996099,-68.835575,161.0,GRAND PRAIRIE 1 0,32.686108,-97.020804,TX
5146,1.0,90.75,25.71,0.9917877,-69.31304,161.0,ROWLETT 2 0,32.915926,-96.548587,TX
5147,1.0,108.12,30.63,0.9881179,-70.864682,161.0,PLANO 6 0,33.050769,-96.747944,TX
5148,1.0,83.41,23.63,0.9893839,-70.871957,161.0,IRVING 5 0,32.857748,-96.970022,TX
5149,1.0,91.45,25.91,0.9880698,-71.258972,161.0,DALLAS 7 0,32.793333,-96.766513,TX
5150,1.0,4.11,1.17,0.9990052,-54.803089,161.0,BRYSON 2 0,33.165636,-98.388799,TX
5151,1.0,5.33,1.51,1.0078566,-57.79634,161.0,MORGAN 0,32.015936,-97.606093,TX
5152,1.0,60.98,17.28,0.990242,-69.941317,161.0,SACHSE 0,32.969015,-96.579523,TX
5153,1.0,15.98,4.53,0.9970397,-60.568036,161.0,PARADISE 0,33.149771,-97.688614,TX
5154,1.0,15.58,4.41,1.0004208,-58.562682,161.0,RIO VISTA 0,32.234545,-97.374835,TX
5155,1.0,3.71,1.05,1.0048598,-50.002954,161.0,STRAWN 0,32.550793,-98.498077,TX
5156,1.0,6.22,1.76,1.015832,-50.176534,161.0,May-00,31.0,-99.0,TX
5157,1.0,146.63,41.55,0.9853623,-69.513923,161.0,DESOTO 0,32.599349,-96.862941,TX
5158,1.0,168.19,47.66,1.0115197,-69.735688,161.0,MESQUITE 2 0,32.75955,-96.584164,TX
5159,1.0,14.54,4.12,1.004983,-53.298749,161.0,ROSEBUD 0,31.075651,-96.974462,TX
5160,1.0,59.35,16.81,0.9933777,-66.07115,161.0,DENTON 2 0,33.217449,-97.141346,TX
5161,1.0,199.65,56.57,1.0113745,-71.192281,161.0,DALLAS 4 0,32.793333,-96.766513,TX
5162,1.0,6.69,1.9,0.9956451,-58.513669,161.0,AXTELL 0,39.871258,-96.256896,KS
5163,1.0,15.15,4.29,1.0085389,-54.142675,161.0,NOLANVILLE 0,31.072538,-97.605133,TX
5164,1.0,0.0,0.0,1.0029498,-62.326903,500.0,DENTON 1 0,33.217449,-97.141346,TX
5165,1.0,55.53,15.73,0.9975683,-65.367392,161.0,DENTON 1 1,33.217449,-97.141346,TX
5166,2.0,0.0,0.0,1.0200715,-60.421533,13.8,DENTON 1 2,33.217449,-97.141346,TX
5167,2.0,0.0,0.0,1.0036964,-62.24547,13.8,DENTON 1 3,33.217449,-97.141346,TX
5168,1.0,125.67,35.61,0.9898585,-71.760209,161.0,DALLAS 39 0,32.793333,-96.766513,TX
5169,1.0,0.0,0.0,1.0136162,-52.93305,161.0,DUBLIN 1 0,32.087765,-98.338865,TX
5170,2.0,0.0,0.0,1.0083788,-51.265285,18.0,DUBLIN 1 1,32.087765,-98.338865,TX
5171,1.0,1.06,0.3,0.9914893,-62.444813,161.0,MERTENS 0,32.059022,-96.894167,TX
5172,1.0,74.24,21.03,1.0172388,-65.266625,161.0,WEATHERFORD 1 0,32.75319,-97.771944,TX
5173,1.0,136.36,38.63,0.9885457,-69.794956,161.0,PLANO 3 0,33.050769,-96.747944,TX
5174,1.0,4.32,1.22,0.9928004,-61.393334,161.0,MALONE 0,31.91726,-96.894658,TX
5175,1.0,118.67,33.62,0.9952244,-66.652615,161.0,DENTON 3 0,33.217449,-97.141346,TX
5176,1.0,7.3,2.07,0.9934871,-52.675965,161.0,GRAFORD 0,32.937415,-98.247505,TX
5177,1.0,91.38,25.89,0.9878311,-68.999172,161.0,ARLINGTON 8 0,32.700708,-97.124691,TX
5178,1.0,83.96,23.79,0.9906539,-70.18489,161.0,ROCKWALL 1 0,32.918056,-96.43805,TX
5179,1.0,0.0,0.0,1.0152782,-57.725501,500.0,CORSICANA 2 0,32.082404,-96.4667,TX
5180,1.0,88.36,25.04,1.0109085,-59.233324,161.0,CORSICANA 2 1,32.082404,-96.4667,TX
5181,1.0,178.22,50.5,0.9901721,-70.639269,161.0,GARLAND 2 0,32.909826,-96.630334,TX
5182,1.0,3.82,1.08,1.0030223,-56.018038,161.0,GATESVILLE 2 0,31.438667,-97.746027,TX
5183,1.0,139.09,39.41,0.9985697,-71.803058,161.0,CARROLLTON 3 0,32.989386,-96.89994,TX
5184,1.0,80.23,22.73,0.9817172,-70.318365,161.0,FORT WORTH 26 0,32.781954,-97.348573,TX
5185,1.0,25.72,7.29,0.9980377,-65.727376,161.0,RHOME 0,33.078895,-97.493199,TX
5186,1.0,24.98,7.08,0.9911411,-66.827461,161.0,VENUS 0,32.426217,-97.102177,TX
5187,1.0,15.41,4.37,0.9964081,-50.286011,161.0,OLNEY 2 0,33.364143,-98.758486,TX
5188,1.0,64.82,18.37,0.98756,-70.433991,161.0,CARROLLTON 1 0,32.989386,-96.89994,TX
5189,1.0,78.84,22.34,0.9960082,-70.492888,161.0,DALLAS 20 0,32.793333,-96.766513,TX
5190,1.0,3.38,0.96,1.0006512,-58.161375,161.0,GORDON 0,32.545546,-98.367183,TX
5191,1.0,7.58,2.15,1.0143868,-57.060828,161.0,MERIDIAN 0,31.9266,-97.649091,TX
5192,1.0,0.0,0.0,1.0166856,-51.47506,500.0,KILLEEN 4 0,31.077669,-97.731952,TX
5193,1.0,134.77,38.19,1.012502,-52.783387,161.0,KILLEEN 4 1,31.077669,-97.731952,TX
5194,1.0,59.01,16.72,0.994301,-69.064496,161.0,DUNCANVILLE 1 0,32.64595,-96.91387,TX
5195,1.0,55.26,15.66,1.0032599,-68.251629,161.0,ARGYLE 0,33.105493,-97.17752,TX
5196,1.0,0.0,0.0,1.0023516,-52.018675,500.0,BRYSON 1 0,33.165636,-98.388799,TX
5197,1.0,0.0,0.0,1.0006975,-53.749548,161.0,BRYSON 1 1,33.165636,-98.388799,TX
5198,2.0,0.0,0.0,1.0000645,-51.298819,18.0,BRYSON 1 2,33.165636,-98.388799,TX
5199,1.0,24.33,6.89,0.9919234,-68.403767,161.0,FORT WORTH 12 0,32.781954,-97.348573,TX
5200,1.0,66.35,18.8,0.9840969,-56.169192,161.0,MINERAL WELLS 0,32.823483,-98.078798,TX
5201,1.0,4.81,1.36,1.0030336,-55.455558,161.0,COOLIDGE 0,31.751448,-96.65222,TX
5202,1.0,8.64,2.45,0.9972238,-63.640557,161.0,RICE 0,32.23926,-96.49738,TX
5203,1.0,147.01,41.65,0.9882676,-71.059797,161.0,DALLAS 35 0,32.793333,-96.766513,TX
5204,1.0,0.0,0.0,1.0032434,-55.201692,500.0,POOLVILLE 0,31.0,-99.0,TX
5205,1.0,0.0,0.0,1.0021153,-56.940899,161.0,POOLVILLE 1,31.0,-99.0,TX
5206,2.0,0.0,0.0,1.01,-52.885387,13.8,POOLVILLE 2,31.0,-99.0,TX
5207,2.0,0.0,0.0,1.01,-54.122298,13.8,POOLVILLE 3,31.0,-99.0,TX
5208,2.0,0.0,0.0,1.01,-53.842047,13.8,POOLVILLE 4,31.0,-99.0,TX
5209,1.0,3.59,1.02,1.0046621,-56.819978,161.0,WALNUT SPRINGS 0,32.056979,-97.750568,TX
5210,1.0,39.64,11.23,0.9953266,-68.785269,161.0,BEDFORD 2 0,32.845838,-97.135076,TX
5211,1.0,6.91,1.96,0.9954624,-58.165686,161.0,HUBBARD 0,31.846821,-96.799998,TX
5212,1.0,33.89,9.6,0.9834648,-67.816501,161.0,FERRIS 0,32.536723,-96.675537,TX
5213,1.0,92.1,26.09,0.9886971,-70.546651,161.0,GARLAND 4 0,32.909826,-96.630334,TX
5214,1.0,102.1,28.93,0.990879,-70.124515,161.0,DALLAS 32 0,32.793333,-96.766513,TX
5215,1.0,19.98,5.66,0.9918042,-68.226667,161.0,PILOT POINT 0,33.398264,-96.955528,TX
5216,1.0,66.58,18.86,0.9901777,-68.837676,161.0,FORT WORTH 6 0,32.781954,-97.348573,TX
5217,1.0,100.33,28.43,1.0110624,-69.268979,161.0,NORTH RICHLAND HILLS 2 0,32.86058,-97.219146,TX
5218,1.0,39.29,11.13,0.9944219,-67.01754,161.0,JUSTIN 0,33.081837,-97.314234,TX
5219,1.0,13.35,3.78,0.9992607,-68.473102,161.0,SCURRY 0,32.512771,-96.38427,TX
5220,1.0,40.49,11.47,1.0009933,-67.622565,161.0,SANGER 0,33.382098,-97.165412,TX
5221,1.0,91.29,25.87,1.0013186,-55.870598,161.0,KILLEEN 1 0,31.077669,-97.731952,TX
5222,1.0,33.14,9.39,0.9873023,-66.648052,161.0,MABANK 1 0,32.371862,-96.109504,TX
5223,1.0,34.79,9.86,0.9901191,-58.490171,161.0,MEXIA 0,31.680693,-96.483203,TX
5224,1.0,154.87,43.88,0.9948135,-71.101059,161.0,CARROLLTON 2 0,32.989386,-96.89994,TX
5225,1.0,13.06,3.7,1.0092556,-68.378674,161.0,NEVADA 0,33.035329,-96.370639,TX
5226,1.0,5.49,1.56,1.0207817,-51.424521,161.0,ZEPHYR 0,31.679217,-98.791235,TX
5227,1.0,70.88,20.08,0.9947281,-71.230162,161.0,TERRELL 2 0,32.725827,-96.298003,TX
5228,1.0,81.2,23.01,0.9960362,-68.25067,161.0,DALLAS 14 0,32.793333,-96.766513,TX
5229,1.0,43.94,12.45,0.994304,-69.709927,161.0,DALLAS 13 0,32.793333,-96.766513,TX
5230,1.0,66.37,18.81,0.9954517,-70.738169,161.0,DALLAS 28 0,32.793333,-96.766513,TX
5231,1.0,14.93,4.23,1.0093757,-54.690836,161.0,HAMILTON 0,31.700387,-98.119669,TX
5232,1.0,49.97,14.16,0.994938,-70.029683,161.0,ARLINGTON 7 0,32.700708,-97.124691,TX
5233,1.0,98.77,27.99,0.9992942,-69.536724,161.0,EULESS 1 0,32.849366,-97.078592,TX
5234,1.0,142.66,40.42,0.9908375,-68.266064,161.0,FRISCO 1 0,33.155427,-96.822596,TX
5235,1.0,20.37,5.77,1.0121651,-54.217629,161.0,SALADO 0,30.948383,-97.528337,TX
5236,1.0,0.0,0.0,1.0043724,-45.721833,500.0,OLNEY 1 0,33.364143,-98.758486,TX
5237,1.0,0.0,0.0,0.9981103,-43.359574,161.0,OLNEY 1 1,33.364143,-98.758486,TX
5238,2.0,0.0,0.0,1.0013485,-44.78055,18.0,OLNEY 1 2,33.364143,-98.758486,TX
5239,1.0,0.0,0.0,1.0276184,-48.649124,500.0,GOLDTHWAITE 1 0,31.450806,-98.57352,TX
5240,1.0,0.0,0.0,1.026799,-50.459785,161.0,GOLDTHWAITE 1 1,31.450806,-98.57352,TX
5241,1.0,0.0,0.0,1.0275998,-51.980436,115.0,GOLDTHWAITE 1 2,31.450806,-98.57352,TX
5242,1.0,0.0,0.0,1.0275998,-51.980436,115.0,GOLDTHWAITE 1 3,31.450806,-98.57352,TX
5243,2.0,0.0,0.0,1.0221367,-47.047671,13.8,GOLDTHWAITE 1 4,31.450806,-98.57352,TX
5244,1.0,65.13,18.45,0.9902426,-68.017521,161.0,FORT WORTH 22 0,32.781954,-97.348573,TX
5245,1.0,138.96,39.37,0.9986181,-70.826124,161.0,GRAPEVINE 0,32.934969,-97.075912,TX
5246,1.0,21.21,6.01,1.0071175,-55.940536,161.0,GLEN ROSE 2 0,32.246824,-97.748052,TX
5247,1.0,3.26,0.92,1.0024753,-57.68351,161.0,KOPPERL 0,32.069856,-97.499032,TX
5248,1.0,101.02,28.62,0.993783,-68.949705,161.0,BEDFORD 1 0,32.845838,-97.135076,TX
5249,1.0,114.68,32.49,0.9917504,-64.841875,161.0,FORT WORTH 29 0,32.781954,-97.348573,TX
5250,1.0,165.09,46.77,0.9988064,-68.395572,161.0,DALLAS 5 0,32.793333,-96.766513,TX
5251,1.0,123.12,34.88,0.9940597,-69.710371,161.0,GRAND PRAIRIE 2 0,32.686108,-97.020804,TX
5252,1.0,80.8,22.89,0.9909498,-71.187609,161.0,DALLAS 22 0,32.793333,-96.766513,TX
5253,1.0,126.68,35.89,0.9887417,-69.126776,161.0,FLOWER MOUND 1 0,33.037891,-97.113381,TX
5254,1.0,82.94,23.5,0.9956912,-68.439377,161.0,ROANOKE 0,33.014743,-97.229034,TX
5255,1.0,9.43,2.67,0.9888859,-56.928679,161.0,MILLSAP 0,32.74991,-98.011469,TX
5256,1.0,1.3,0.37,0.9900291,-65.038315,161.0,FORRESTON 0,42.12725,-89.578375,IL
5257,1.0,9.9,2.8,0.9899441,-64.388248,161.0,ITALY 0,32.186464,-96.885789,TX
5258,1.0,100.19,28.39,0.9878673,-70.006914,161.0,FORNEY 0,32.742601,-96.452883,TX
5259,1.0,9.21,2.61,1.0008299,-68.892184,161.0,LAVON 0,33.023862,-96.433029,TX
5260,1.0,0.0,0.0,1.0081301,-53.846003,500.0,GLEN ROSE 1 0,32.246824,-97.748052,TX
5261,1.0,0.0,0.0,1.0087587,-55.112707,161.0,GLEN ROSE 1 1,32.246824,-97.748052,TX
5262,2.0,0.0,0.0,1.01,-49.536234,13.8,GLEN ROSE 1 2,32.246824,-97.748052,TX
5263,2.0,0.0,0.0,1.01,-51.248171,13.8,GLEN ROSE 1 3,32.246824,-97.748052,TX
5264,1.0,12.13,3.44,1.02,-54.586694,161.0,DE LEON 0,32.11135,-98.535156,TX
5265,1.0,103.94,29.45,1.0017869,-67.411025,161.0,KELLER 1 0,32.932877,-97.224513,TX
5266,1.0,136.12,38.57,1.002575,-69.058953,161.0,CEDAR HILL 0,32.584326,-96.958898,TX
5267,1.0,39.32,11.14,0.9999758,-57.373472,161.0,MC GREGOR 0,31.0,-99.0,TX
5268,1.0,32.23,9.13,0.9892545,-64.253043,161.0,COMMERCE 0,33.240992,-95.898869,TX
5269,1.0,86.96,24.64,0.9945728,-64.577204,161.0,MIDLOTHIAN 2 0,32.469436,-96.99067,TX
5270,1.0,22.41,6.35,0.998202,-58.538406,161.0,WEST 0,31.80311,-97.094614,TX
5271,1.0,10.01,2.83,1.0083029,-53.759585,161.0,BARTLETT 0,30.794853,-97.432297,TX
5272,1.0,18.83,5.33,0.9974701,-70.754561,161.0,DALLAS 16 0,32.793333,-96.766513,TX
5273,1.0,116.0,32.87,1.0138222,-70.862708,161.0,COPPELL 0,32.963306,-96.990556,TX
5274,1.0,11.87,3.36,0.9910199,-69.1707,161.0,WILMER 0,32.599015,-96.681585,TX
5275,1.0,4.75,1.35,0.9913302,-59.264924,161.0,DAWSON 0,31.894596,-96.714699,TX
5276,1.0,10.54,2.99,1.0069896,-54.258505,161.0,MART 0,31.541472,-96.830553,TX
5277,1.0,104.8,29.69,0.992394,-69.53569,161.0,LITTLE ELM 0,33.192497,-96.919975,TX
5278,1.0,50.69,14.36,1.0102024,-52.554014,161.0,TEMPLE 2 0,31.104936,-97.388512,TX
5279,1.0,0.0,0.0,1.0181547,-50.531719,500.0,TEMPLE 1 0,31.104936,-97.388512,TX
5280,1.0,94.63,26.81,1.013529,-51.845998,161.0,TEMPLE 1 1,31.104936,-97.388512,TX
5281,2.0,0.0,0.0,1.0115594,-47.590612,13.8,TEMPLE 1 2,31.104936,-97.388512,TX
5282,2.0,0.0,0.0,1.0128451,-48.047284,13.8,TEMPLE 1 3,31.104936,-97.388512,TX
5283,2.0,0.0,0.0,1.0181547,-50.531719,13.8,TEMPLE 1 4,31.104936,-97.388512,TX
5284,1.0,44.65,12.65,0.9918793,-67.852669,161.0,QUINLAN 0,32.908974,-96.131296,TX
5285,1.0,10.15,2.88,0.9905622,-60.206901,161.0,CHICO 0,33.296056,-97.798605,TX
5286,1.0,30.18,8.55,1.0052144,-53.831069,161.0,DUBLIN 2 0,32.087765,-98.338865,TX
5287,1.0,186.78,52.92,0.9897372,-69.86086,161.0,ARLINGTON 2 0,32.700708,-97.124691,TX
5288,1.0,13.61,3.86,0.9912369,-64.286172,161.0,WOLFE CITY 0,33.368528,-96.071986,TX
5289,1.0,69.76,19.77,0.9954071,-70.890738,161.0,DALLAS 26 0,32.793333,-96.766513,TX
5290,1.0,30.34,8.6,0.9950207,-59.905346,161.0,WHITNEY 0,31.952447,-97.31977,TX
5291,1.0,144.17,40.85,0.9909141,-68.086831,161.0,FORT WORTH 25 0,32.781954,-97.348573,TX
5292,1.0,62.05,17.58,0.9895244,-66.14022,161.0,FORT WORTH 27 0,32.781954,-97.348573,TX
5293,1.0,62.97,17.84,0.9891966,-62.153881,161.0,JOSHUA 0,32.459091,-97.383816,TX
5294,1.0,111.16,31.49,0.9903335,-71.482225,161.0,DALLAS 12 0,32.793333,-96.766513,TX
5295,1.0,0.0,0.0,1.0118986,-63.160096,500.0,MCKINNEY 1 0,33.201125,-96.664161,TX
5296,1.0,102.32,28.99,1.0030607,-65.770355,161.0,MCKINNEY 1 1,33.201125,-96.664161,TX
5297,2.0,0.0,0.0,1.0118986,-63.160096,13.8,MCKINNEY 1 2,33.201125,-96.664161,TX
5298,2.0,0.0,0.0,1.0182148,-62.474949,13.8,MCKINNEY 1 3,33.201125,-96.664161,TX
5299,2.0,0.0,0.0,1.0246525,-61.758381,13.8,MCKINNEY 1 4,33.201125,-96.664161,TX
5300,2.0,0.0,0.0,1.0225474,-61.994606,13.8,MCKINNEY 1 5,33.201125,-96.664161,TX
5301,2.0,0.0,0.0,1.0247494,-61.76631,13.8,MCKINNEY 1 6,33.201125,-96.664161,TX
5302,2.0,0.0,0.0,1.04,-58.745525,13.8,MCKINNEY 1 7,33.201125,-96.664161,TX
5303,2.0,0.0,0.0,1.04,-59.868613,13.8,MCKINNEY 1 8,33.201125,-96.664161,TX
5304,1.0,0.0,0.0,1.0082389,-63.450438,500.0,ALLEN 1 0,33.109736,-96.673032,TX
5305,1.0,189.42,53.67,0.9988872,-67.469886,161.0,ALLEN 1 1,33.109736,-96.673032,TX
5306,1.0,40.81,11.56,1.0004879,-64.53213,161.0,ALEDO 2 0,32.698254,-97.608384,TX
5307,1.0,143.56,40.67,1.0047799,-70.069158,161.0,THE COLONY 0,33.089598,-96.903368,TX
5308,1.0,15.35,4.35,0.9943756,-68.779885,161.0,SUNNYVALE 0,32.799752,-96.55855,TX
5309,1.0,98.85,28.01,0.9878137,-71.070443,161.0,DALLAS 10 0,32.793333,-96.766513,TX
5310,1.0,69.99,19.83,1.0051586,-69.577416,161.0,FORT WORTH 4 0,32.781954,-97.348573,TX
5311,1.0,40.96,11.61,0.9939398,-71.580696,161.0,DALLAS 30 0,32.793333,-96.766513,TX
5312,1.0,81.81,23.18,0.9855713,-66.661783,161.0,AZLE 0,32.895547,-97.53923,TX
5313,1.0,16.12,4.57,1.0007257,-67.064238,161.0,HUTCHINS 0,32.643392,-96.709833,TX
5314,1.0,11.99,3.4,1.0051578,-56.413618,161.0,VALLEY MILLS 0,31.656797,-97.472648,TX
5315,1.0,31.74,8.99,0.9892711,-68.434377,161.0,DENTON 6 0,33.217449,-97.141346,TX
5316,1.0,176.19,49.92,1.02,-70.678332,161.0,MESQUITE 3 0,32.75955,-96.584164,TX
5317,1.0,0.0,0.0,1.0080908,-55.056425,500.0,GRANBURY 1 0,32.432805,-97.775149,TX
5318,1.0,0.0,0.0,1.0044714,-58.222685,161.0,GRANBURY 1 1,32.432805,-97.775149,TX
5319,2.0,0.0,0.0,1.01,-54.207004,13.2,GRANBURY 1 2,32.432805,-97.775149,TX
5320,2.0,0.0,0.0,1.0080908,-55.056425,13.2,GRANBURY 1 3,32.432805,-97.775149,TX
5321,2.0,0.0,0.0,1.01,-54.244012,13.2,GRANBURY 1 4,32.432805,-97.775149,TX
5322,1.0,0.0,0.0,1.0099515,-63.697051,500.0,DALLAS 2 0,32.793333,-96.766513,TX
5323,1.0,219.44,62.17,0.9993,-68.008163,161.0,DALLAS 2 1,32.793333,-96.766513,TX
5324,2.0,0.0,0.0,1.038225,-60.522063,13.8,DALLAS 2 2,32.793333,-96.766513,TX
5325,2.0,0.0,0.0,1.0378266,-60.507418,13.8,DALLAS 2 3,32.793333,-96.766513,TX
5326,2.0,0.0,0.0,1.0202276,-62.58827,13.8,DALLAS 2 4,32.793333,-96.766513,TX
5327,1.0,4.01,1.14,0.9985814,-56.952327,161.0,MOUNT CALM 0,31.756291,-96.881744,TX
5328,1.0,13.64,3.86,0.9968147,-57.749102,161.0,RIESEL 2 0,31.473861,-96.945142,TX
5329,1.0,148.25,42.0,0.9871331,-70.18317,161.0,DALLAS 17 0,32.793333,-96.766513,TX
5330,1.0,64.78,18.35,0.9965855,-68.188574,161.0,ARLINGTON 4 0,32.700708,-97.124691,TX
5331,1.0,26.36,7.47,0.9923225,-68.599422,161.0,CELINA 0,33.32296,-96.798821,TX
5332,1.0,85.12,24.12,0.9916667,-68.929235,161.0,FORT WORTH 16 0,32.781954,-97.348573,TX
5333,1.0,108.12,30.63,0.9839362,-68.847776,161.0,RED OAK 0,32.509552,-96.78398,TX
5334,1.0,23.95,6.78,1.0098473,-41.806469,161.0,CLYDE 0,32.405586,-99.503918,TX
5335,1.0,166.71,47.23,0.9878591,-71.149131,161.0,IRVING 2 0,32.857748,-96.970022,TX
5336,1.0,74.14,21.01,0.9940233,-68.539612,161.0,ROWLETT 1 0,32.915926,-96.548587,TX
5337,1.0,18.78,5.32,0.9991174,-54.939632,161.0,JACKSBORO 2 0,33.225763,-98.159169,TX
5338,1.0,80.26,22.74,0.9846285,-65.03727,161.0,GRANBURY 3 0,32.432805,-97.775149,TX
5339,1.0,80.01,22.67,1.0142057,-70.446415,161.0,SOUTHLAKE 0,32.954493,-97.148867,TX
5340,1.0,33.94,9.62,0.994689,-70.882977,161.0,DALLAS 29 0,32.793333,-96.766513,TX
5341,1.0,38.7,10.97,1.0106115,-69.40844,161.0,LEWISVILLE 1 0,33.050725,-96.974623,TX
5342,2.0,0.0,0.0,1.0191371,-68.253457,13.8,LEWISVILLE 1 1,33.050725,-96.974623,TX
5343,2.0,0.0,0.0,1.04,-63.965393,13.8,LEWISVILLE 1 2,33.050725,-96.974623,TX
5344,1.0,94.71,26.84,1.0002566,-71.852282,161.0,DALLAS 36 0,32.793333,-96.766513,TX
5345,1.0,33.12,9.38,0.9899261,-62.28552,161.0,HILLSBORO 0,32.007831,-97.115652,TX
5346,1.0,91.3,25.87,0.997061,-68.104671,161.0,FORT WORTH 15 0,32.781954,-97.348573,TX
5347,1.0,18.68,5.29,1.0040003,-44.533103,161.0,CISCO 0,32.387425,-98.98192,TX
5348,1.0,9.25,2.62,0.9919926,-64.511993,161.0,ITASCA 0,32.158674,-97.147947,TX
5349,1.0,60.83,17.23,0.9929598,-69.041616,161.0,LANCASTER 2 0,32.596203,-96.773789,TX
5350,1.0,0.0,0.0,1.0048688,-64.318742,500.0,GARLAND 1 0,32.909826,-96.630334,TX
5351,1.0,174.28,49.38,0.9976758,-67.548429,161.0,GARLAND 1 1,32.909826,-96.630334,TX
5352,1.0,41.84,11.85,0.9956137,-69.841151,161.0,DALLAS 9 0,32.793333,-96.766513,TX
5353,1.0,56.58,16.03,1.0026057,-68.677627,161.0,DUNCANVILLE 2 0,32.64595,-96.91387,TX
5354,1.0,77.72,22.02,1.0009126,-71.080311,161.0,MESQUITE 1 0,32.75955,-96.584164,TX
5355,1.0,5.65,1.6,0.9942036,-65.201819,161.0,MAYPEARL 0,32.311247,-97.006663,TX
5356,1.0,122.43,34.69,0.9961997,-70.491124,161.0,GARLAND 3 0,32.909826,-96.630334,TX
5357,1.0,91.04,25.79,0.9913487,-68.922778,161.0,ALLEN 2 0,33.109736,-96.673032,TX
5358,1.0,0.0,0.0,1.0175023,-49.994358,500.0,RIESEL 1 0,31.473861,-96.945142,TX
5359,1.0,0.0,0.0,1.0147522,-52.391074,161.0,RIESEL 1 1,31.473861,-96.945142,TX
5360,2.0,0.0,0.0,1.01,-43.70288,13.8,RIESEL 1 2,31.473861,-96.945142,TX
5361,1.0,0.0,0.0,1.0019943,-56.039999,500.0,BRIDGEPORT 0,33.210449,-97.772466,TX
5362,1.0,33.91,9.61,0.9996355,-57.008435,161.0,BRIDGEPORT 1,33.210449,-97.772466,TX
5363,2.0,0.0,0.0,1.0016692,-55.844546,13.8,BRIDGEPORT 2,33.210449,-97.772466,TX
5364,2.0,0.0,0.0,1.0,-54.88496,13.8,BRIDGEPORT 3,33.210449,-97.772466,TX
5365,2.0,0.0,0.0,1.0,-53.637979,13.8,BRIDGEPORT 4,33.210449,-97.772466,TX
5366,2.0,0.0,0.0,1.0,-53.307634,13.8,BRIDGEPORT 5,33.210449,-97.772466,TX
5367,2.0,0.0,0.0,1.0,-53.388333,13.8,BRIDGEPORT 6,33.210449,-97.772466,TX
5368,2.0,0.0,0.0,1.0,-54.275356,13.8,BRIDGEPORT 7,33.210449,-97.772466,TX
5369,2.0,0.0,0.0,1.0,-53.163939,13.8,BRIDGEPORT 8,33.210449,-97.772466,TX
5370,1.0,105.99,30.03,0.9898376,-68.314982,161.0,LEWISVILLE 2 0,33.050725,-96.974623,TX
5371,1.0,69.0,19.55,0.9990842,-67.494191,161.0,SEAGOVILLE 0,32.653383,-96.545058,TX
5372,1.0,39.8,11.28,0.9947156,-71.470433,161.0,DALLAS 31 0,32.793333,-96.766513,TX
5373,1.0,156.99,44.48,0.9809199,-70.989893,161.0,HALTOM CITY 0,32.817698,-97.271152,TX
5374,1.0,69.09,19.58,1.0057338,-68.137642,161.0,BALCH SPRINGS 0,32.713904,-96.618062,TX
5375,1.0,62.09,17.59,0.9927714,-68.109008,161.0,FORT WORTH 13 0,32.781954,-97.348573,TX
5376,1.0,47.85,13.56,0.9989449,-68.607522,161.0,DALLAS 43 0,32.793333,-96.766513,TX
5377,1.0,57.62,16.33,1.0020741,-56.173519,161.0,KILLEEN 2 0,31.077669,-97.731952,TX
5378,1.0,68.06,19.28,1.0150235,-57.154007,161.0,WACO 5 0,31.557994,-97.18975,TX
5379,1.0,164.73,46.67,0.9973767,-69.93122,161.0,FORT WORTH 9 0,32.781954,-97.348573,TX
5380,1.0,0.0,0.0,1.0145678,-60.609095,500.0,ENNIS 0,32.325067,-96.633799,TX
5381,1.0,79.8,22.61,1.0057336,-62.172007,161.0,ENNIS 1,32.325067,-96.633799,TX
5382,2.0,0.0,0.0,1.029499,-60.121057,13.8,ENNIS 2,32.325067,-96.633799,TX
5383,2.0,0.0,0.0,1.0315334,-60.053641,13.8,ENNIS 3,32.325067,-96.633799,TX
5384,1.0,0.0,0.0,1.0086261,-64.346118,500.0,DALLAS 3 0,32.793333,-96.766513,TX
5385,1.0,240.97,68.28,1.0052249,-66.916159,161.0,DALLAS 3 1,32.793333,-96.766513,TX
5386,1.0,63.55,18.0,0.9972452,-70.126538,161.0,RICHARDSON 1 0,32.972291,-96.708069,TX
5387,1.0,77.75,22.03,0.985951,-69.547,161.0,FORT WORTH 21 0,32.781954,-97.348573,TX
5388,1.0,0.0,0.0,1.0145632,-54.396598,500.0,WACO 2 0,31.557994,-97.18975,TX
5389,1.0,87.47,24.78,1.0101978,-55.706892,161.0,WACO 2 1,31.557994,-97.18975,TX
5390,1.0,0.0,0.0,1.0078189,-53.494612,161.0,ROGERS 0,30.929208,-97.229744,TX
5391,1.0,0.0,0.0,1.0057948,-54.879081,115.0,ROGERS 1,30.929208,-97.229744,TX
5392,1.0,7.49,2.12,0.9978881,-56.183684,115.0,ROGERS 2,30.929208,-97.229744,TX
5393,1.0,14.92,4.23,1.0019788,-57.70293,161.0,CHINA SPRING 0,31.649242,-97.304793,TX
5394,1.0,0.0,0.0,1.0186515,-40.187168,500.0,ALBANY 1 0,32.727266,-99.295664,TX
5395,1.0,0.0,0.0,1.0162923,-38.070704,230.0,ALBANY 1 1,32.727266,-99.295664,TX
5396,1.0,0.0,0.0,1.0099424,-40.828796,161.0,ALBANY 1 2,32.727266,-99.295664,TX
5397,1.0,0.0,0.0,1.0009101,-38.806773,115.0,ALBANY 1 3,32.727266,-99.295664,TX
5398,1.0,0.0,0.0,1.0009101,-38.806773,115.0,ALBANY 1 4,32.727266,-99.295664,TX
5399,2.0,0.0,0.0,1.0223664,-39.458446,13.8,ALBANY 1 5,32.727266,-99.295664,TX
5400,1.0,108.27,30.68,0.994643,-67.385022,161.0,MCKINNEY 2 0,33.201125,-96.664161,TX
5401,1.0,0.0,0.0,1.0078384,-55.780791,500.0,GRANBURY 2 0,32.432805,-97.775149,TX
5402,1.0,65.97,18.69,0.9986592,-59.28462,161.0,GRANBURY 2 1,32.432805,-97.775149,TX
5403,2.0,0.0,0.0,1.0209295,-54.320276,18.0,GRANBURY 2 2,32.432805,-97.775149,TX
5404,2.0,0.0,0.0,1.0168754,-54.924513,18.0,GRANBURY 2 3,32.432805,-97.775149,TX
5405,2.0,0.0,0.0,1.0169789,-54.832091,18.0,GRANBURY 2 4,32.432805,-97.775149,TX
5406,2.0,0.0,0.0,1.0205178,-54.363383,18.0,GRANBURY 2 5,32.432805,-97.775149,TX
5407,1.0,21.28,6.03,1.0092175,-57.64721,161.0,CLIFTON 2 0,31.782037,-97.581879,TX
5408,1.0,26.57,7.53,1.0046092,-67.309371,161.0,FARMERSVILLE 0,33.160912,-96.360657,TX
5409,1.0,92.56,26.22,0.9826454,-68.99184,161.0,ARLINGTON 10 0,32.700708,-97.124691,TX
5410,1.0,0.0,0.0,1.0214164,-51.323068,500.0,KILLEEN 3 0,31.077669,-97.731952,TX
5411,1.0,120.07,34.02,1.02,-54.18347,161.0,KILLEEN 3 1,31.077669,-97.731952,TX
5412,1.0,144.59,40.97,0.9932948,-69.322418,161.0,WYLIE 0,33.029144,-96.527041,TX
5413,1.0,0.0,0.0,1.0038606,-51.501099,500.0,PALO PINTO 1 0,32.773557,-98.302042,TX
5414,1.0,0.0,0.0,1.0118748,-52.680413,161.0,PALO PINTO 1 1,32.773557,-98.302042,TX
5415,2.0,0.0,0.0,1.0,-49.285465,13.8,PALO PINTO 1 2,32.773557,-98.302042,TX
5416,2.0,0.0,0.0,1.0,-49.261136,13.8,PALO PINTO 1 3,32.773557,-98.302042,TX
5417,2.0,0.0,0.0,1.0,-49.526965,13.8,PALO PINTO 1 4,32.773557,-98.302042,TX
5418,2.0,0.0,0.0,1.0003941,-49.639043,13.8,PALO PINTO 1 5,32.773557,-98.302042,TX
5419,2.0,0.0,0.0,1.0019011,-50.411623,13.8,PALO PINTO 1 6,32.773557,-98.302042,TX
5420,1.0,14.67,4.16,0.9987242,-67.115974,161.0,FORT WORTH 10 0,32.781954,-97.348573,TX
5421,1.0,2.01,0.57,1.0175787,-67.796623,161.0,JOSEPHINE 0,33.063107,-96.316643,TX
5422,1.0,182.95,51.83,1.02,-70.307658,161.0,LEWSIVILLE 0,31.0,-99.0,TX
5423,2.0,0.0,0.0,1.0188815,-69.635323,13.8,LEWSIVILLE 1,31.0,-99.0,TX
5424,2.0,0.0,0.0,1.02,-70.307658,13.8,LEWSIVILLE 2,31.0,-99.0,TX
5425,1.0,52.93,15.0,0.9920582,-69.820644,161.0,DALLAS 40 0,32.793333,-96.766513,TX
5426,1.0,43.86,12.43,0.9885187,-65.321528,161.0,KEMP 0,32.437379,-96.226017,TX
5427,1.0,25.31,7.17,0.9874495,-66.568896,161.0,WAXAHACHIE 2 0,32.40248,-96.844493,TX
5428,1.0,85.26,24.16,0.9960564,-68.107995,161.0,HURST 0,32.836643,-97.180627,TX
5429,1.0,106.17,30.08,0.9863671,-69.279226,161.0,FORT WORTH 18 0,32.781954,-97.348573,TX
5430,1.0,60.59,17.17,1.002199,-64.823986,161.0,WEATHERFORD 2 0,32.75319,-97.771944,TX
5431,1.0,84.43,23.92,0.9911678,-69.579283,161.0,ROCKWALL 2 0,32.918056,-96.43805,TX
5432,1.0,42.02,11.91,0.9963417,-63.486293,161.0,WEATHERFORD 3 0,32.75319,-97.771944,TX
5433,1.0,116.98,33.14,0.9911132,-70.069302,161.0,FORT WORTH 3 0,32.781954,-97.348573,TX
5434,1.0,9.96,2.82,1.0024574,-66.950063,161.0,NEWARK 0,33.013542,-97.488418,TX
5435,1.0,4.5,1.27,1.0111243,-54.637447,161.0,SANTO 0,32.605585,-98.213845,TX
5436,1.0,72.89,20.65,0.9936079,-71.013515,161.0,DALLAS 18 0,32.793333,-96.766513,TX
5437,1.0,9.01,2.55,0.9961481,-58.593306,161.0,ELM MOTT 0,31.0,-99.0,TX
5438,1.0,50.24,14.24,0.9929895,-68.676902,161.0,FORT WORTH 17 0,32.781954,-97.348573,TX
5439,1.0,113.9,32.27,0.9977241,-63.421008,161.0,WAXAHACHIE 1 0,32.40248,-96.844493,TX
5440,1.0,167.12,47.35,0.9995155,-70.236704,161.0,ARLINGTON 3 0,32.700708,-97.124691,TX
5441,1.0,145.18,41.13,0.9939077,-66.828473,161.0,FORT WORTH 20 0,32.781954,-97.348573,TX
5442,1.0,43.72,12.39,0.9910271,-69.082571,161.0,FORT WORTH 7 0,32.781954,-97.348573,TX
5443,1.0,52.34,14.83,0.9945198,-68.429186,161.0,FORT WORTH 11 0,32.781954,-97.348573,TX
5444,2.0,0.0,0.0,1.01,-59.904119,500.0,MIDLOTHIAN 1 0,32.469436,-96.99067,TX
5445,1.0,0.0,0.0,0.9988996,-63.75909,161.0,MIDLOTHIAN 1 1,32.469436,-96.99067,TX
5446,1.0,40.66,11.52,1.0007188,-57.996328,161.0,HEWITT 0,31.451248,-97.193315,TX
5447,1.0,154.46,43.76,0.9855936,-68.26031,161.0,ARLINGTON 11 0,32.700708,-97.124691,TX
5448,1.0,0.0,0.0,1.0073427,-63.848926,500.0,GRAND PRAIRIE 3 0,32.686108,-97.020804,TX
5449,1.0,266.99,75.65,1.0087692,-67.27007,161.0,GRAND PRAIRIE 3 1,32.686108,-97.020804,TX
5450,1.0,17.1,4.84,0.9889866,-68.031629,161.0,MELISSA 0,33.288521,-96.557632,TX
5451,1.0,0.0,0.0,1.0224514,-51.302315,500.0,COPPERAS COVE 0,31.119575,-97.914397,TX
5452,1.0,106.6,30.2,1.0173985,-52.602974,161.0,COPPERAS COVE 1,31.119575,-97.914397,TX
5453,1.0,67.92,19.24,0.9952791,-65.588086,161.0,CLEBURNE 1 0,32.354993,-97.411558,TX
5454,1.0,47.76,13.53,1.0010474,-65.992649,161.0,GREENVILLE 2 0,33.111939,-96.110256,TX
5455,1.0,9.47,2.68,0.9920074,-61.593252,161.0,ALVORD 0,33.356968,-97.696026,TX
5456,1.0,12.62,3.58,1.0098701,-48.242211,161.0,GORMAN 0,32.213538,-98.672077,TX
5457,1.0,103.54,29.34,0.9904179,-69.542892,161.0,COLLEYVILLE 0,32.891478,-97.149747,TX
5458,1.0,0.0,0.0,1.0063243,-53.862605,161.0,HOLLAND 0,30.88826,-97.401361,TX
5459,1.0,0.0,0.0,1.005084,-55.322466,115.0,HOLLAND 1,30.88826,-97.401361,TX
5460,1.0,14.16,4.01,0.9870488,-58.117739,115.0,HOLLAND 2,30.88826,-97.401361,TX
5461,1.0,72.8,20.63,1.0048676,-53.602821,161.0,TEMPLE 3 0,31.104936,-97.388512,TX
5462,1.0,86.05,24.38,0.991824,-69.65704,161.0,DALLAS 34 0,32.793333,-96.766513,TX
5463,1.0,160.33,45.43,0.989657,-70.804802,161.0,IRVING 4 0,32.857748,-96.970022,TX
5464,1.0,0.0,0.0,1.0059232,-64.052134,500.0,FRISCO 2 0,33.155427,-96.822596,TX
5465,1.0,218.17,61.81,1.0078318,-67.865893,161.0,FRISCO 2 1,33.155427,-96.822596,TX
5466,1.0,7.44,2.11,1.0004435,-56.488153,161.0,GATESVILLE 3 0,31.438667,-97.746027,TX
5467,1.0,28.23,8.0,0.9960545,-70.943419,161.0,DALLAS 25 0,32.793333,-96.766513,TX
5468,1.0,42.13,11.94,0.9917295,-69.81791,161.0,DALLAS 37 0,32.793333,-96.766513,TX
5469,1.0,8.5,2.41,0.9907545,-68.85818,161.0,FORT WORTH 19 0,32.781954,-97.348573,TX
5470,1.0,70.52,19.98,1.0066127,-57.696901,161.0,WOODWAY 0,31.498334,-97.230789,TX
5471,1.0,1.44,0.41,1.0143817,-53.627198,161.0,MINGUS 0,32.536319,-98.424862,TX
5472,1.0,4.57,1.29,0.9967958,-46.056698,161.0,THROCKMORTON 0,33.182071,-99.179771,TX
5473,1.0,4.03,1.14,0.9996316,-60.107888,161.0,NEMO 0,31.0,-99.0,TX
5474,1.0,3.11,0.88,0.9953282,-59.969131,161.0,ABBOTT 0,31.885139,-97.074106,TX
5475,1.0,59.28,16.8,0.9945358,-68.291986,161.0,ALVARADO 0,32.409379,-97.210786,TX
5476,1.0,10.97,3.11,0.9869568,-62.575095,161.0,CORSICANA 1 0,32.082404,-96.4667,TX
5477,1.0,79.03,22.39,1.0074718,-55.584043,161.0,HARKER HEIGHTS 0,31.056708,-97.644221,TX
5478,1.0,137.94,39.08,0.9942696,-70.236386,161.0,IRVING 3 0,32.857748,-96.970022,TX
5479,1.0,0.0,0.0,1.0027011,-61.963574,500.0,BURLESON 0,32.516453,-97.327374,TX
5480,1.0,179.23,50.78,0.9926412,-65.502921,161.0,BURLESON 1,32.516453,-97.327374,TX
5481,1.0,58.18,16.49,0.9863182,-66.8608,161.0,FORT WORTH 28 0,32.781954,-97.348573,TX
5482,1.0,69.18,19.6,1.0038408,-71.681094,161.0,DALLAS 23 0,32.793333,-96.766513,TX
5483,1.0,84.63,23.98,1.0035636,-68.244149,161.0,NORTH RICHLAND HILLS 1 0,32.86058,-97.219146,TX
5484,1.0,6.29,1.78,1.0128539,-44.383761,161.0,CROSS PLAINS 0,32.127068,-99.165775,TX
5485,1.0,4.69,1.33,1.0088631,-60.205178,161.0,BLOOMING GROVE 0,32.092362,-96.717295,TX
6001,1.0,103.81,29.41,1.02,-57.145911,115.0,CONVERSE 0,29.512488,-98.304625,TX
6002,1.0,32.48,9.2,1.0020095,-57.147142,115.0,SAN ANTONIO 46 0,29.462809,-98.524635,TX
6003,1.0,0.0,0.0,1.0305849,-46.541158,500.0,BASTROP 0,30.1111,-97.318152,TX
6004,1.0,0.0,0.0,1.0152004,-42.924688,230.0,BASTROP 1,30.1111,-97.318152,TX
6005,1.0,75.48,21.39,1.0148009,-46.15148,115.0,BASTROP 2,30.1111,-97.318152,TX
6006,2.0,0.0,0.0,1.04,-45.141843,13.8,BASTROP 3,30.1111,-97.318152,TX
6007,2.0,0.0,0.0,1.0305849,-46.541158,13.8,BASTROP 4,30.1111,-97.318152,TX
6008,2.0,0.0,0.0,1.04,-45.02013,13.8,BASTROP 5,30.1111,-97.318152,TX
6009,2.0,0.0,0.0,1.04,-43.991316,13.8,BASTROP 6,30.1111,-97.318152,TX
6010,2.0,0.0,0.0,1.04,-44.771917,13.8,BASTROP 7,30.1111,-97.318152,TX
6011,1.0,24.02,6.81,1.0072892,-52.595785,115.0,MARION 2 0,29.572568,-98.142941,TX
6012,1.0,13.51,3.83,1.02,-49.998432,115.0,PAIGE 0,30.212944,-97.125841,TX
6013,1.0,94.89,26.89,0.9866496,-58.169646,115.0,SAN ANTONIO 42 0,29.462809,-98.524635,TX
6014,1.0,5.51,1.56,1.0108276,-51.980883,115.0,WAELDER 0,29.694496,-97.297848,TX
6015,1.0,24.76,7.02,1.0015089,-56.462291,115.0,ATASCOSA 0,31.0,-99.0,TX
6016,1.0,176.43,49.99,1.0032448,-57.247275,115.0,SAN ANTONIO 40 0,29.462809,-98.524635,TX
6017,1.0,83.31,23.6,1.0003992,-55.488203,115.0,CIBOLO 0,29.570142,-98.217797,TX
6018,1.0,2.46,0.7,0.9889906,-56.894225,115.0,AUSTIN 6 0,30.298622,-97.754134,TX
6019,1.0,59.07,16.74,0.9877333,-57.563717,115.0,AUSTIN 25 0,30.298622,-97.754134,TX
6020,1.0,16.53,4.68,1.0150397,-51.837982,115.0,HORSESHOE BAY 0,30.540758,-98.38057,TX
6021,1.0,0.0,0.0,1.0251829,-49.223128,500.0,LEANDER 1 0,30.574273,-97.861741,TX
6022,1.0,0.0,0.0,1.0133061,-51.936966,230.0,LEANDER 1 1,30.574273,-97.861741,TX
6023,1.0,132.89,37.65,0.996817,-55.744073,115.0,LEANDER 1 2,30.574273,-97.861741,TX
6024,1.0,84.99,24.08,1.0175626,-59.340525,115.0,AUSTIN 10 0,30.298622,-97.754134,TX
6025,1.0,64.63,18.31,1.02,-57.485172,115.0,SAN ANTONIO 31 0,29.462809,-98.524635,TX
6026,1.0,22.12,6.27,0.9941741,-56.295405,115.0,SAN ANTONIO 49 0,29.462809,-98.524635,TX
6027,1.0,64.98,18.41,1.0088223,-52.734633,115.0,ELGIN 0,30.354376,-97.391397,TX
6028,1.0,103.35,29.28,0.9860633,-57.307881,115.0,AUSTIN 31 0,30.298622,-97.754134,TX
6029,1.0,6.98,1.98,1.0136023,-46.775005,115.0,RUNGE 0,28.886277,-97.713067,TX
6030,1.0,0.0,0.0,1.0128595,-35.973163,230.0,YOAKUM 0,29.293204,-97.14701,TX
6031,1.0,29.18,8.27,1.0080131,-38.635731,115.0,YOAKUM 1,29.293204,-97.14701,TX
6032,1.0,36.4,10.31,0.9902783,-59.914525,115.0,AUSTIN 37 0,30.298622,-97.754134,TX
6033,1.0,0.0,0.0,1.0144259,-50.974652,500.0,PFLUGERVILLE 0,30.447765,-97.602116,TX
6034,1.0,0.0,0.0,1.0032863,-53.153084,230.0,PFLUGERVILLE 1,30.447765,-97.602116,TX
6035,1.0,206.37,58.47,0.9918216,-56.203084,115.0,PFLUGERVILLE 2,30.447765,-97.602116,TX
6036,1.0,0.0,0.0,1.0080707,-52.029643,230.0,SAN ANTONIO 12 0,29.462809,-98.524635,TX
6037,1.0,147.53,41.8,1.0029147,-54.748312,115.0,SAN ANTONIO 12 1,29.462809,-98.524635,TX
6038,1.0,0.0,0.0,1.0238171,-49.532066,500.0,AUSTIN 3 0,30.298622,-97.754134,TX
6039,1.0,0.0,0.0,1.0034386,-53.39117,230.0,AUSTIN 3 1,30.298622,-97.754134,TX
6040,1.0,80.78,22.89,0.989049,-57.313792,115.0,AUSTIN 3 2,30.298622,-97.754134,TX
6041,2.0,0.0,0.0,1.0278202,-49.536526,13.8,AUSTIN 3 3,30.298622,-97.754134,TX
6042,2.0,0.0,0.0,1.04,-49.544328,13.8,AUSTIN 3 4,30.298622,-97.754134,TX
6043,1.0,148.3,42.02,0.9921119,-55.799315,115.0,SAN ANTONIO 48 0,29.462809,-98.524635,TX
6044,1.0,18.3,5.18,0.9904657,-57.090937,115.0,SAN ANTONIO 19 0,29.462809,-98.524635,TX
6045,1.0,0.0,0.0,1.0221792,-49.143124,500.0,SAN ANTONIO 2 0,29.462809,-98.524635,TX
6046,1.0,0.0,0.0,1.0145212,-52.283327,230.0,SAN ANTONIO 2 1,29.462809,-98.524635,TX
6047,1.0,149.85,42.46,1.0060686,-56.795098,115.0,SAN ANTONIO 2 2,29.462809,-98.524635,TX
6048,2.0,0.0,0.0,1.0221792,-49.143124,13.8,SAN ANTONIO 2 3,29.462809,-98.524635,TX
6049,2.0,0.0,0.0,1.0221792,-49.143124,13.8,SAN ANTONIO 2 4,29.462809,-98.524635,TX
6050,2.0,0.0,0.0,1.0221792,-49.143124,13.8,SAN ANTONIO 2 5,29.462809,-98.524635,TX
6051,2.0,0.0,0.0,1.0294869,-48.357067,13.8,SAN ANTONIO 2 6,29.462809,-98.524635,TX
6052,2.0,0.0,0.0,1.0221792,-49.143124,13.8,SAN ANTONIO 2 7,29.462809,-98.524635,TX
6053,2.0,0.0,0.0,1.0304925,-48.237773,13.8,SAN ANTONIO 2 8,29.462809,-98.524635,TX
6054,2.0,0.0,0.0,1.0377347,-47.43131,13.8,SAN ANTONIO 2 9,29.462809,-98.524635,TX
6055,1.0,4.93,1.4,1.0156228,-59.115309,115.0,BERGHEIM 0,31.0,-99.0,TX
6056,1.0,0.0,0.0,1.0219396,-46.727696,500.0,NEW BRAUNFELS 2 0,29.699306,-98.115127,TX
6057,1.0,0.0,0.0,1.0150475,-49.599546,230.0,NEW BRAUNFELS 2 1,29.699306,-98.115127,TX
6058,1.0,178.64,50.61,1.0068577,-51.947603,115.0,NEW BRAUNFELS 2 2,29.699306,-98.115127,TX
6059,1.0,3.44,0.97,1.0160537,-55.715938,115.0,D HANIS 0,31.0,-99.0,TX
6060,1.0,74.53,21.12,0.9995669,-58.191201,115.0,SAN ANTONIO 24 0,29.462809,-98.524635,TX
6061,1.0,147.9,41.91,0.9858053,-58.092888,115.0,AUSTIN 7 0,30.298622,-97.754134,TX
6062,1.0,0.0,0.0,1.0146557,-33.668984,500.0,BRENHAM 0,30.15816,-96.395616,TX
6063,1.0,0.0,0.0,1.0103229,-36.702929,230.0,BRENHAM 1,30.15816,-96.395616,TX
6064,1.0,82.48,23.37,1.0025514,-39.962196,115.0,BRENHAM 2,30.15816,-96.395616,TX
6065,1.0,14.86,4.21,0.9923879,-57.086382,115.0,BERTRAM 0,30.74198,-98.062355,TX
6066,1.0,0.0,0.0,1.0240189,-47.346963,500.0,MARION 1 0,29.572568,-98.142941,TX
6067,1.0,0.0,0.0,1.0159132,-49.679612,230.0,MARION 1 1,29.572568,-98.142941,TX
6068,1.0,0.0,0.0,1.0067932,-53.543801,115.0,MARION 1 2,29.572568,-98.142941,TX
6069,2.0,0.0,0.0,1.03,-46.535884,18.0,MARION 1 3,29.572568,-98.142941,TX
6070,2.0,0.0,0.0,1.03,-45.251954,18.0,MARION 1 4,29.572568,-98.142941,TX
6071,2.0,0.0,0.0,1.03,-46.796851,18.0,MARION 1 5,29.572568,-98.142941,TX
6072,2.0,0.0,0.0,1.0240189,-47.346963,18.0,MARION 1 6,29.572568,-98.142941,TX
6073,2.0,0.0,0.0,1.03,-46.199633,18.0,MARION 1 7,29.572568,-98.142941,TX
6074,2.0,0.0,0.0,1.03,-46.211546,18.0,MARION 1 8,29.572568,-98.142941,TX
6075,1.0,0.0,0.0,1.0159003,-32.143234,500.0,LA GRANGE 0,29.912609,-96.876296,TX
6076,1.0,0.0,0.0,1.0162191,-34.342643,230.0,LA GRANGE 1,29.912609,-96.876296,TX
6077,1.0,0.0,0.0,1.0150255,-36.439002,115.0,LA GRANGE 2,29.912609,-96.876296,TX
6078,2.0,0.0,0.0,1.0072111,-29.024572,22.0,LA GRANGE 3,29.912609,-96.876296,TX
6079,2.0,0.0,0.0,1.0123594,-31.146567,22.0,LA GRANGE 4,29.912609,-96.876296,TX
6080,2.0,0.0,0.0,1.0108425,-30.782013,22.0,LA GRANGE 5,29.912609,-96.876296,TX
6081,1.0,0.0,0.0,1.0192485,-50.930184,115.0,MARBLE FALLS 1 0,30.560168,-98.277286,TX
6082,2.0,0.0,0.0,1.04,-48.380342,13.8,MARBLE FALLS 1 1,30.560168,-98.277286,TX
6083,2.0,0.0,0.0,1.04,-42.001575,13.8,MARBLE FALLS 1 2,30.560168,-98.277286,TX
6084,1.0,0.0,0.0,1.0002117,-55.520058,115.0,ROUND ROCK 1 0,30.526146,-97.663532,TX
6085,2.0,0.0,0.0,1.0003146,-55.247685,13.8,ROUND ROCK 1 1,30.526146,-97.663532,TX
6086,2.0,0.0,0.0,1.000338,-52.773455,13.8,ROUND ROCK 1 2,30.526146,-97.663532,TX
6087,2.0,0.0,0.0,1.0002117,-55.520058,13.8,ROUND ROCK 1 3,30.526146,-97.663532,TX
6088,2.0,0.0,0.0,1.0004155,-55.089875,13.8,ROUND ROCK 1 4,30.526146,-97.663532,TX
6089,2.0,0.0,0.0,1.0004354,-53.988311,13.8,ROUND ROCK 1 5,30.526146,-97.663532,TX
6090,2.0,0.0,0.0,1.0004047,-53.788457,13.8,ROUND ROCK 1 6,30.526146,-97.663532,TX
6091,1.0,37.81,10.71,1.0017026,-58.780156,115.0,WIMBERLEY 0,29.984804,-98.090553,TX
6092,1.0,35.66,10.1,1.02,-48.15525,115.0,GONZALES 0,29.512549,-97.447205,TX
6093,1.0,40.54,11.49,0.9939976,-56.347205,115.0,SAN ANTONIO 11 0,29.462809,-98.524635,TX
6094,1.0,67.98,19.26,1.0013936,-55.87612,115.0,SAN ANTONIO 14 0,29.462809,-98.524635,TX
6095,1.0,68.37,19.37,0.9981678,-57.818528,115.0,HUTTO 0,30.541624,-97.544249,TX
6096,1.0,25.78,7.3,1.02,-53.54396,115.0,LULING 0,29.681747,-97.646696,TX
6097,1.0,105.36,29.85,0.991662,-56.883561,115.0,SAN ANTONIO 21 0,29.462809,-98.524635,TX
6098,1.0,132.22,37.46,0.9800188,-58.600316,115.0,AUSTIN 12 0,30.298622,-97.754134,TX
6099,1.0,21.38,6.06,0.9917895,-57.059193,115.0,SAN ANTONIO 15 0,29.462809,-98.524635,TX
6100,1.0,37.71,10.69,0.9931043,-57.193845,115.0,ADKINS 0,31.0,-99.0,TX
6101,1.0,0.0,0.0,1.0183246,-33.148816,500.0,WINCHESTER 0,35.190547,-86.107859,TN
6102,1.0,0.0,0.0,1.0161934,-36.313929,230.0,WINCHESTER 1,35.190547,-86.107859,TN
6103,1.0,34.21,9.69,1.02,-42.13066,115.0,WINCHESTER 2,35.190547,-86.107859,TN
6104,2.0,0.0,0.0,1.0256821,-32.35213,13.8,WINCHESTER 3,35.190547,-86.107859,TN
6105,2.0,0.0,0.0,1.0299408,-31.870217,13.8,WINCHESTER 4,35.190547,-86.107859,TN
6106,2.0,0.0,0.0,1.0242652,-32.516598,13.8,WINCHESTER 5,35.190547,-86.107859,TN
6107,1.0,0.0,0.0,1.0295819,-48.079675,500.0,ROCKDALE 1 0,30.655731,-97.008515,TX
6108,1.0,0.0,0.0,1.0079822,-48.094672,230.0,ROCKDALE 1 1,30.655731,-97.008515,TX
6109,1.0,14.44,4.09,1.0020973,-50.975051,115.0,ROCKDALE 1 2,30.655731,-97.008515,TX
6110,2.0,0.0,0.0,1.04,-46.348611,13.8,ROCKDALE 1 3,30.655731,-97.008515,TX
6111,2.0,0.0,0.0,1.04,-46.407475,13.8,ROCKDALE 1 4,30.655731,-97.008515,TX
6112,1.0,16.16,4.58,0.995737,-55.303272,115.0,NATALIA 0,29.185467,-98.852054,TX
6113,1.0,20.52,5.81,0.9848337,-57.966533,115.0,AUSTIN 20 0,30.298622,-97.754134,TX
6114,1.0,70.54,19.99,0.9827326,-58.649977,115.0,SAN ANTONIO 43 0,29.462809,-98.524635,TX
6115,1.0,131.13,37.15,0.9909609,-57.362442,115.0,SAN ANTONIO 5 0,29.462809,-98.524635,TX
6116,1.0,56.85,16.11,0.9906801,-58.452052,115.0,TAYLOR 0,30.57203,-97.43038,TX
6117,1.0,27.2,7.71,1.0154177,-44.521073,115.0,SMITHVILLE 0,30.00883,-97.151865,TX
6118,1.0,0.0,0.0,1.0245311,-49.664104,500.0,CEDAR PARK 0,30.510177,-97.818626,TX
6119,1.0,0.0,0.0,1.0064166,-53.179337,230.0,CEDAR PARK 1,30.510177,-97.818626,TX
6120,1.0,195.3,55.33,0.9947036,-56.427275,115.0,CEDAR PARK 2,30.510177,-97.818626,TX
6121,1.0,120.8,34.23,1.0011928,-57.005974,115.0,SAN ANTONIO 25 0,29.462809,-98.524635,TX
6122,1.0,22.71,6.43,1.0031342,-39.448426,115.0,HALLETTSVILLE 0,29.4431,-96.943548,TX
6123,1.0,45.11,12.78,0.9827518,-57.869933,115.0,AUSTIN 5 0,30.298622,-97.754134,TX
6124,1.0,57.42,16.27,0.9997188,-54.146273,115.0,NEW BRAUNFELS 3 0,29.699306,-98.115127,TX
6125,1.0,2.59,0.73,0.991773,-54.393602,115.0,SUTHERLAND SPRINGS 0,31.0,-99.0,TX
6126,1.0,50.38,14.27,0.9876835,-57.322137,115.0,AUSTIN 34 0,30.298622,-97.754134,TX
6127,1.0,25.24,7.15,0.9966121,-52.976736,115.0,CAMERON 0,30.860768,-96.976198,TX
6128,1.0,52.8,14.96,0.9867809,-58.659778,115.0,SAN ANTONIO 35 0,29.462809,-98.524635,TX
6129,1.0,9.86,2.79,0.9939284,-57.564686,115.0,MEDINA 0,26.935079,-99.264419,TX
6130,1.0,13.4,3.8,0.9889104,-57.003515,115.0,MANCHACA 0,30.135234,-97.836436,TX
6131,1.0,43.85,12.43,0.9872801,-57.600295,115.0,SPRING BRANCH 0,29.876313,-98.408543,TX
6132,1.0,64.74,18.34,0.9781848,-58.864572,115.0,AUSTIN 19 0,30.298622,-97.754134,TX
6133,1.0,10.44,2.96,1.0080216,-49.999418,115.0,FLATONIA 0,29.68971,-97.105205,TX
6134,1.0,7.62,2.16,1.0112914,-57.583418,115.0,GRANGER 0,30.718294,-97.441141,TX
6135,1.0,21.71,6.15,1.0020148,-37.892541,115.0,FAYETTEVILLE 0,29.906326,-96.675873,TX
6136,1.0,71.18,20.17,1.0033349,-57.710137,115.0,GEORGETOWN 2 0,30.668136,-97.698744,TX
6137,1.0,42.18,11.95,0.9780433,-59.868034,115.0,AUSTIN 35 0,30.298622,-97.754134,TX
6138,1.0,27.68,7.84,1.0020877,-59.434947,115.0,PIPE CREEK 0,31.0,-99.0,TX
6139,1.0,9.61,2.72,1.0045686,-52.898826,115.0,RED ROCK 0,29.959938,-97.442794,TX
6140,1.0,11.69,3.31,1.0067395,-56.582944,115.0,JARRELL 0,30.810264,-97.615122,TX
6141,1.0,0.0,0.0,1.024081,-46.402368,500.0,SAN ANTONIO 1 0,29.462809,-98.524635,TX
6142,1.0,0.0,0.0,1.0150927,-49.965762,230.0,SAN ANTONIO 1 1,29.462809,-98.524635,TX
6143,1.0,0.0,0.0,1.0113717,-53.501197,115.0,SAN ANTONIO 1 2,29.462809,-98.524635,TX
6144,2.0,0.0,0.0,1.024081,-46.402368,13.8,SAN ANTONIO 1 3,29.462809,-98.524635,TX
6145,2.0,0.0,0.0,1.03,-43.270787,13.8,SAN ANTONIO 1 4,29.462809,-98.524635,TX
6146,2.0,0.0,0.0,1.03,-43.386254,13.8,SAN ANTONIO 1 5,29.462809,-98.524635,TX
6147,2.0,0.0,0.0,1.03,-44.109558,13.8,SAN ANTONIO 1 6,29.462809,-98.524635,TX
6148,2.0,0.0,0.0,1.024081,-46.402368,13.8,SAN ANTONIO 1 7,29.462809,-98.524635,TX
6149,2.0,0.0,0.0,1.03,-45.840239,13.8,SAN ANTONIO 1 8,29.462809,-98.524635,TX
6150,1.0,117.27,33.23,1.0095183,-57.934254,115.0,SAN ANTONIO 36 0,29.462809,-98.524635,TX
6151,1.0,16.14,4.57,1.02,-43.235281,115.0,SCHULENBURG 0,29.682,-96.907489,TX
6152,1.0,0.0,0.0,1.0104647,-53.097064,230.0,SAN ANTONIO 22 0,29.462809,-98.524635,TX
6153,1.0,107.97,30.59,0.9905418,-55.254344,115.0,SAN ANTONIO 22 1,29.462809,-98.524635,TX
6154,1.0,43.1,12.21,0.99088,-56.379406,115.0,DRIPPING SPRINGS 0,30.195936,-98.093701,TX
6155,1.0,37.02,10.49,0.9863765,-56.214168,115.0,SAN ANTONIO 26 0,29.462809,-98.524635,TX
6156,1.0,52.66,14.92,1.0114978,-51.793344,115.0,MARBLE FALLS 3 0,30.560168,-98.277286,TX
6157,1.0,28.81,8.16,0.9963574,-59.173765,115.0,BOERNE 1 0,29.784938,-98.727949,TX
6158,1.0,5.64,1.6,1.02,-43.310626,115.0,WASHINGTON 0,38.904247,-77.016517,DC
6159,1.0,91.04,25.79,0.9991662,-56.375804,115.0,SCHERTZ 0,29.563327,-98.250866,TX
6160,1.0,98.28,27.85,0.9854247,-57.632833,115.0,AUSTIN 8 0,30.298622,-97.754134,TX
6161,1.0,0.0,0.0,1.0237677,-45.517462,500.0,SEGUIN 1 0,29.590227,-97.968607,TX
6162,1.0,0.0,0.0,1.0173473,-49.105834,230.0,SEGUIN 1 1,29.590227,-97.968607,TX
6163,1.0,0.0,0.0,1.0101261,-51.651626,115.0,SEGUIN 1 2,29.590227,-97.968607,TX
6164,2.0,0.0,0.0,1.03,-44.880835,13.8,SEGUIN 1 3,29.590227,-97.968607,TX
6165,2.0,0.0,0.0,1.03,-44.809174,13.8,SEGUIN 1 4,29.590227,-97.968607,TX
6166,2.0,0.0,0.0,1.03,-45.22156,13.8,SEGUIN 1 5,29.590227,-97.968607,TX
6167,2.0,0.0,0.0,1.03,-44.960579,13.8,SEGUIN 1 6,29.590227,-97.968607,TX
6168,1.0,138.23,39.17,0.9902297,-58.211482,115.0,SAN ANTONIO 45 0,29.462809,-98.524635,TX
6169,1.0,0.0,0.0,1.0258044,-46.04155,500.0,SAN ANTONIO 52 0,29.462809,-98.524635,TX
6170,1.0,0.0,0.0,1.0169473,-50.271244,230.0,SAN ANTONIO 52 1,29.462809,-98.524635,TX
6171,1.0,113.76,32.23,1.0030947,-53.489989,115.0,SAN ANTONIO 52 2,29.462809,-98.524635,TX
6172,1.0,0.0,0.0,1.0110807,-36.815353,230.0,CUERO 2 0,29.102727,-97.287092,TX
6173,1.0,35.48,10.05,1.0108386,-39.005232,115.0,CUERO 2 1,29.102727,-97.287092,TX
6174,1.0,95.75,27.13,0.9979889,-57.222986,115.0,SAN ANTONIO 10 0,29.462809,-98.524635,TX
6175,1.0,96.6,27.37,0.983618,-58.057617,115.0,AUSTIN 16 0,30.298622,-97.754134,TX
6176,1.0,45.32,12.84,0.9948196,-56.775257,115.0,AUSTIN 39 0,30.298622,-97.754134,TX
6177,1.0,0.0,0.0,1.02,-52.176338,230.0,SAN ANTONIO 51 0,29.462809,-98.524635,TX
6178,1.0,134.45,38.09,1.0060474,-55.336707,115.0,SAN ANTONIO 51 1,29.462809,-98.524635,TX
6179,1.0,11.85,3.36,1.0022385,-57.113167,115.0,SAN ANTONIO 41 0,29.462809,-98.524635,TX
6180,1.0,34.14,9.67,0.9891304,-55.730504,115.0,LA VERNIA 0,29.353106,-98.125777,TX
6181,1.0,49.13,13.92,1.0027575,-57.094455,115.0,MANOR 0,30.354228,-97.558259,TX
6182,1.0,95.83,27.15,0.9905357,-58.563831,115.0,SAN ANTONIO 38 0,29.462809,-98.524635,TX
6183,1.0,26.97,7.64,1.007062,-43.612933,115.0,GIDDINGS 0,30.183667,-96.928029,TX
6184,1.0,48.39,13.71,0.9816743,-58.889196,115.0,AUSTIN 32 0,30.298622,-97.754134,TX
6185,1.0,20.84,5.9,0.9838722,-58.677697,115.0,AUSTIN 38 0,30.298622,-97.754134,TX
6186,1.0,39.37,11.15,0.9912455,-57.091187,115.0,AUSTIN 30 0,30.298622,-97.754134,TX
6187,1.0,80.44,22.79,0.9884722,-57.664702,115.0,AUSTIN 28 0,30.298622,-97.754134,TX
6188,1.0,0.0,0.0,1.0145349,-33.751656,230.0,COLUMBUS 0,29.702778,-96.557057,TX
6189,1.0,27.37,7.75,1.0110826,-36.481053,115.0,COLUMBUS 1,29.702778,-96.557057,TX
6190,1.0,18.47,5.23,1.0097775,-47.055407,115.0,SHINER 0,29.433658,-97.173611,TX
6191,1.0,16.77,4.75,0.9937955,-56.295775,115.0,SAN ANTONIO 3 0,29.462809,-98.524635,TX
6192,1.0,0.0,0.0,1.0042335,-43.334277,230.0,CALDWELL 0,30.529807,-96.699724,TX
6193,1.0,35.69,10.11,0.9977424,-45.156398,115.0,CALDWELL 1,30.529807,-96.699724,TX
6194,1.0,44.42,12.59,0.9873924,-56.720221,115.0,AUSTIN 18 0,30.298622,-97.754134,TX
6195,1.0,2.66,0.75,0.989587,-39.418126,115.0,INDUSTRY 0,29.967368,-96.497089,TX
6196,1.0,21.28,6.03,0.9984611,-55.664524,115.0,DALE 0,38.649812,-77.345941,VA
6197,1.0,0.0,0.0,1.0193682,-48.682962,500.0,SAN ANTONIO 37 0,29.462809,-98.524635,TX
6198,1.0,0.0,0.0,1.0083829,-53.278197,230.0,SAN ANTONIO 37 1,29.462809,-98.524635,TX
6199,1.0,239.74,67.93,1.0052173,-56.072097,115.0,SAN ANTONIO 37 2,29.462809,-98.524635,TX
6200,1.0,46.28,13.11,0.9857009,-57.383381,115.0,SAN ANTONIO 18 0,29.462809,-98.524635,TX
6201,1.0,39.07,11.07,0.9979618,-58.641642,115.0,SAN ANTONIO 33 0,29.462809,-98.524635,TX
6202,1.0,16.63,4.71,1.0087668,-52.613631,115.0,MARTINDALE 0,29.844954,-97.838296,TX
6203,1.0,117.59,33.32,0.9887,-58.016683,115.0,SAN ANTONIO 17 0,29.462809,-98.524635,TX
6204,1.0,7.81,2.21,0.9922951,-57.247913,115.0,SAN ANTONIO 23 0,29.462809,-98.524635,TX
6205,1.0,121.95,34.55,0.984659,-57.389584,115.0,AUSTIN 29 0,30.298622,-97.754134,TX
6206,1.0,18.83,5.34,0.9997022,-44.721805,115.0,LEXINGTON 0,30.414295,-97.009944,TX
6207,1.0,29.32,8.31,1.02,-58.479228,115.0,LEANDER 2 0,30.574273,-97.861741,TX
6208,1.0,140.96,39.94,0.9846156,-58.803848,115.0,AUSTIN 15 0,30.298622,-97.754134,TX
6209,1.0,7.52,2.13,1.0010409,-56.127462,115.0,MICO 0,31.0,-99.0,TX
6210,1.0,0.0,0.0,1.0333316,-46.496658,500.0,MARBLE FALLS 2 0,30.560168,-98.277286,TX
6211,1.0,0.0,0.0,1.0266639,-48.484966,230.0,MARBLE FALLS 2 1,30.560168,-98.277286,TX
6212,1.0,0.0,0.0,1.0198188,-51.170249,115.0,MARBLE FALLS 2 2,30.560168,-98.277286,TX
6213,2.0,0.0,0.0,1.04,-42.252352,13.8,MARBLE FALLS 2 3,30.560168,-98.277286,TX
6214,2.0,0.0,0.0,1.04,-38.364177,13.8,MARBLE FALLS 2 4,30.560168,-98.277286,TX
6215,2.0,0.0,0.0,1.04,-44.410867,13.8,MARBLE FALLS 2 5,30.560168,-98.277286,TX
6216,2.0,0.0,0.0,1.04,-41.798416,13.8,MARBLE FALLS 2 6,30.560168,-98.277286,TX
6217,1.0,52.96,15.01,0.9807444,-60.225488,115.0,AUSTIN 36 0,30.298622,-97.754134,TX
6218,1.0,51.24,14.52,0.9843107,-56.743214,115.0,LOCKHART 0,29.877809,-97.682622,TX
6219,1.0,63.93,18.11,0.9909082,-58.708719,115.0,AUSTIN 17 0,30.298622,-97.754134,TX
6220,1.0,96.5,27.34,0.9985617,-55.971907,115.0,SAN ANTONIO 13 0,29.462809,-98.524635,TX
6221,1.0,9.16,2.6,1.02,-49.892748,115.0,FALLS CITY 0,28.981666,-98.021565,TX
6222,1.0,0.0,0.0,0.9985479,-54.026601,230.0,AUSTIN 27 0,30.298622,-97.754134,TX
6223,1.0,166.84,47.27,0.9890718,-56.59883,115.0,AUSTIN 27 1,30.298622,-97.754134,TX
6224,1.0,116.67,33.06,0.982494,-58.71962,115.0,AUSTIN 23 0,30.298622,-97.754134,TX
6225,1.0,85.25,24.15,0.9865055,-57.539036,115.0,SAN ANTONIO 27 0,29.462809,-98.524635,TX
6226,1.0,18.02,5.11,1.008238,-60.636792,115.0,BLANCO 0,30.098594,-98.417106,TX
6227,1.0,126.35,35.8,0.9824816,-57.969276,115.0,AUSTIN 24 0,30.298622,-97.754134,TX
6228,1.0,0.0,0.0,1.0191692,-47.455314,500.0,SAN MARCOS 0,29.87361,-97.936725,TX
6229,1.0,0.0,0.0,1.02,-51.613867,230.0,SAN MARCOS 1,29.87361,-97.936725,TX
6230,1.0,191.51,54.26,0.9993983,-55.56461,115.0,SAN MARCOS 2,29.87361,-97.936725,TX
6231,1.0,70.51,19.98,0.9833983,-57.349675,115.0,BUDA 0,30.080402,-97.8557,TX
6232,1.0,66.63,18.88,0.9958891,-54.495963,115.0,DEL VALLE 0,31.0,-99.0,TX
6233,1.0,65.09,18.44,0.9803022,-58.175985,115.0,AUSTIN 4 0,30.298622,-97.754134,TX
6234,1.0,0.0,0.0,1.0189461,-49.405551,500.0,SAN ANTONIO 50 0,29.462809,-98.524635,TX
6235,1.0,0.0,0.0,1.0154199,-50.902517,230.0,SAN ANTONIO 50 1,29.462809,-98.524635,TX
6236,1.0,169.53,48.03,0.9990204,-55.023697,115.0,SAN ANTONIO 50 2,29.462809,-98.524635,TX
6237,1.0,1.88,0.53,1.0020401,-53.325714,115.0,BURLINGTON 0,31.004604,-96.991485,TX
6238,1.0,134.8,38.19,0.9794164,-58.526225,115.0,AUSTIN 13 0,30.298622,-97.754134,TX
6239,1.0,0.0,0.0,1.0315995,-44.217834,500.0,ELMENDORF 0,29.253331,-98.323027,TX
6240,1.0,0.0,0.0,1.0124682,-48.604875,230.0,ELMENDORF 1,29.253331,-98.323027,TX
6241,1.0,175.73,49.79,0.9940034,-53.68588,115.0,ELMENDORF 2,29.253331,-98.323027,TX
6242,2.0,0.0,0.0,1.04,-42.690619,13.8,ELMENDORF 3,29.253331,-98.323027,TX
6243,2.0,0.0,0.0,1.04,-42.338552,13.8,ELMENDORF 4,29.253331,-98.323027,TX
6244,2.0,0.0,0.0,1.04,-41.626153,13.8,ELMENDORF 5,29.253331,-98.323027,TX
6245,2.0,0.0,0.0,1.04,-42.029677,13.8,ELMENDORF 6,29.253331,-98.323027,TX
6246,2.0,0.0,0.0,1.04,-43.096515,13.8,ELMENDORF 7,29.253331,-98.323027,TX
6247,2.0,0.0,0.0,1.0395182,-43.377912,13.8,ELMENDORF 8,29.253331,-98.323027,TX
6248,2.0,0.0,0.0,1.04,-42.51486,13.8,ELMENDORF 9,29.253331,-98.323027,TX
6249,2.0,0.0,0.0,1.04,-41.754605,13.8,ELMENDORF 10,29.253331,-98.323027,TX
6250,1.0,86.21,24.43,0.9914014,-57.638163,115.0,SAN ANTONIO 6 0,29.462809,-98.524635,TX
6251,1.0,51.25,14.52,0.9893414,-59.057496,115.0,CANYON LAKE 0,29.875778,-98.26118,TX
6252,1.0,13.48,3.82,1.0046035,-53.530016,115.0,JOHNSON CITY 0,30.272097,-98.407126,TX
6253,1.0,13.2,3.74,1.0132467,-42.105377,115.0,YORKTOWN 0,28.982808,-97.505032,TX
6254,1.0,0.0,0.0,1.0210706,-49.018351,500.0,AUSTIN 2 0,30.298622,-97.754134,TX
6255,1.0,0.0,0.0,1.0124055,-51.164528,230.0,AUSTIN 2 1,30.298622,-97.754134,TX
6256,1.0,18.25,5.17,0.9944429,-55.859171,115.0,AUSTIN 2 2,30.298622,-97.754134,TX
6257,2.0,0.0,0.0,1.02,-48.645757,13.8,AUSTIN 2 3,30.298622,-97.754134,TX
6258,2.0,0.0,0.0,1.02,-47.730829,13.8,AUSTIN 2 4,30.298622,-97.754134,TX
6259,2.0,0.0,0.0,1.0210706,-49.018351,13.8,AUSTIN 2 5,30.298622,-97.754134,TX
6260,2.0,0.0,0.0,1.02,-48.571236,13.8,AUSTIN 2 6,30.298622,-97.754134,TX
6261,1.0,31.18,8.83,0.9873017,-58.379134,115.0,LACKLAND A F B 0,31.0,-99.0,TX
6262,1.0,28.4,8.05,0.9916501,-56.719814,115.0,LIBERTY HILL 0,30.663377,-97.905506,TX
6263,1.0,0.0,0.0,1.0072983,-42.392408,230.0,KENEDY 0,28.808801,-97.853732,TX
6264,1.0,34.97,9.91,1.0044006,-43.969857,115.0,KENEDY 1,28.808801,-97.853732,TX
6265,1.0,0.0,0.0,1.0129418,-39.684256,115.0,CUERO 1 0,29.102727,-97.287092,TX
6266,2.0,0.0,0.0,1.0172625,-39.089141,13.8,CUERO 1 1,29.102727,-97.287092,TX
6267,2.0,0.0,0.0,1.0282062,-37.527084,13.8,CUERO 1 2,29.102727,-97.287092,TX
6268,2.0,0.0,0.0,1.016222,-39.256117,13.8,CUERO 1 3,29.102727,-97.287092,TX
6269,2.0,0.0,0.0,1.0292044,-37.379573,13.8,CUERO 1 4,29.102727,-97.287092,TX
6270,2.0,0.0,0.0,1.0129418,-39.684256,13.8,CUERO 1 5,29.102727,-97.287092,TX
6271,2.0,0.0,0.0,1.0129418,-39.684256,13.8,CUERO 1 6,29.102727,-97.287092,TX
6272,2.0,0.0,0.0,1.0129418,-39.684256,13.8,CUERO 1 7,29.102727,-97.287092,TX
6273,2.0,0.0,0.0,1.0129418,-39.684256,13.8,CUERO 1 8,29.102727,-97.287092,TX
6274,2.0,0.0,0.0,1.0261362,-37.766648,13.8,CUERO 1 9,29.102727,-97.287092,TX
6275,1.0,110.59,31.34,0.9848972,-57.415369,115.0,SAN ANTONIO 20 0,29.462809,-98.524635,TX
6276,1.0,39.92,11.31,0.9939875,-58.747105,115.0,VON ORMY 0,29.277391,-98.657373,TX
6277,1.0,0.0,0.0,1.0109219,-52.04303,230.0,KYLE 0,29.994118,-97.883322,TX
6278,1.0,135.68,38.44,0.995838,-55.328941,115.0,KYLE 1,29.994118,-97.883322,TX
6279,1.0,0.0,0.0,1.0159593,-49.423212,230.0,SEGUIN 2 0,29.590227,-97.968607,TX
6280,1.0,136.02,38.54,1.0066423,-51.946358,115.0,SEGUIN 2 1,29.590227,-97.968607,TX
6281,1.0,60.45,17.13,1.0052989,-56.868793,115.0,UNIVERSAL CITY 0,29.552,-98.307577,TX
6282,1.0,26.19,7.42,1.0139717,-55.941414,115.0,SPICEWOOD 0,31.0,-99.0,TX
6283,1.0,6.88,1.95,1.0048156,-57.152617,115.0,SAINT HEDWIG 0,31.0,-99.0,TX
6284,1.0,71.09,20.14,0.9945501,-56.04352,115.0,SAN ANTONIO 16 0,29.462809,-98.524635,TX
6285,1.0,0.0,0.0,1.0126098,-55.71663,230.0,BOERNE 2 0,29.784938,-98.727949,TX
6286,1.0,82.67,23.42,1.02,-58.278583,115.0,BOERNE 2 1,29.784938,-98.727949,TX
6287,1.0,0.0,0.0,1.0055883,-52.758013,230.0,SAN ANTONIO 32 0,29.462809,-98.524635,TX
6288,1.0,166.54,47.19,0.9889945,-56.81255,115.0,SAN ANTONIO 32 1,29.462809,-98.524635,TX
6289,1.0,73.84,20.92,0.9811772,-58.322723,115.0,AUSTIN 26 0,30.298622,-97.754134,TX
6290,1.0,67.61,19.16,0.9905221,-57.977379,115.0,AUSTIN 21 0,30.298622,-97.754134,TX
6291,1.0,20.57,5.83,1.0036194,-57.015809,115.0,SAN ANTONIO 44 0,29.462809,-98.524635,TX
6292,1.0,0.0,0.0,1.0229721,-48.343658,500.0,CEDAR CREEK 1 0,30.082341,-97.51112,TX
6293,1.0,0.0,0.0,1.0103305,-51.355345,230.0,CEDAR CREEK 1 1,30.082341,-97.51112,TX
6294,1.0,0.0,0.0,1.0002116,-53.764954,115.0,CEDAR CREEK 1 2,30.082341,-97.51112,TX
6295,2.0,0.0,0.0,1.0210528,-48.033501,13.8,CEDAR CREEK 1 3,30.082341,-97.51112,TX
6296,2.0,0.0,0.0,1.0213242,-48.078765,13.8,CEDAR CREEK 1 4,30.082341,-97.51112,TX
6297,2.0,0.0,0.0,1.02,-47.62374,13.8,CEDAR CREEK 1 5,30.082341,-97.51112,TX
6298,1.0,0.0,0.0,1.0205294,-46.626583,500.0,NEW BRAUNFELS 1 0,29.699306,-98.115127,TX
6299,1.0,0.0,0.0,1.0187473,-48.832901,230.0,NEW BRAUNFELS 1 1,29.699306,-98.115127,TX
6300,1.0,0.0,0.0,1.0104604,-51.264047,115.0,NEW BRAUNFELS 1 2,29.699306,-98.115127,TX
6301,2.0,0.0,0.0,1.0205294,-46.626583,22.0,NEW BRAUNFELS 1 3,29.699306,-98.115127,TX
6302,2.0,0.0,0.0,1.0140252,-43.669479,22.0,NEW BRAUNFELS 1 4,29.699306,-98.115127,TX
6303,2.0,0.0,0.0,1.0186484,-45.76119,22.0,NEW BRAUNFELS 1 5,29.699306,-98.115127,TX
6304,2.0,0.0,0.0,1.0152964,-44.145912,22.0,NEW BRAUNFELS 1 6,29.699306,-98.115127,TX
6305,2.0,0.0,0.0,1.014116,-43.632989,22.0,NEW BRAUNFELS 1 7,29.699306,-98.115127,TX
6306,1.0,54.19,15.35,0.9844066,-57.615738,115.0,AUSTIN 11 0,30.298622,-97.754134,TX
6307,1.0,130.73,37.04,0.98541,-57.352754,115.0,SAN ANTONIO 39 0,29.462809,-98.524635,TX
6308,1.0,0.0,0.0,1.0157587,-51.578681,230.0,HONDO 0,29.354242,-99.161846,TX
6309,1.0,41.1,11.65,1.0049897,-55.169894,115.0,HONDO 1,29.354242,-99.161846,TX
6310,1.0,92.27,26.14,1.0037734,-55.677512,115.0,SAN ANTONIO 4 0,29.462809,-98.524635,TX
6311,1.0,8.58,2.43,1.0140925,-38.861838,115.0,NEW ULM 0,29.883039,-96.49599,TX
6312,1.0,45.68,12.94,1.0096037,-54.900641,115.0,SAN ANTONIO 8 0,29.462809,-98.524635,TX
6313,1.0,26.29,7.45,0.9913402,-58.064127,115.0,AUSTIN 33 0,30.298622,-97.754134,TX
6314,1.0,29.51,8.36,0.9960037,-57.494969,115.0,BULVERDE 0,29.774485,-98.434959,TX
6315,1.0,0.0,0.0,1.0102731,-52.820107,230.0,GEORGETOWN 3 0,30.668136,-97.698744,TX
6316,1.0,0.0,0.0,1.0123602,-53.561551,161.0,GEORGETOWN 3 1,30.668136,-97.698744,TX
6317,1.0,0.0,0.0,1.0017088,-55.008175,161.0,GEORGETOWN 3 2,30.668136,-97.698744,TX
6318,1.0,0.0,0.0,0.9900502,-56.757734,161.0,GEORGETOWN 3 3,30.668136,-97.698744,TX
6319,1.0,70.22,19.9,0.9818673,-58.045893,115.0,GEORGETOWN 3 4,30.668136,-97.698744,TX
6320,1.0,47.89,13.57,1.0106544,-55.849785,115.0,SAN ANTONIO 9 0,29.462809,-98.524635,TX
6321,1.0,0.0,0.0,1.0060238,-47.290894,230.0,FLORESVILLE 0,29.146743,-98.165173,TX
6322,1.0,66.07,18.72,1.0036937,-49.991156,115.0,FLORESVILLE 1,29.146743,-98.165173,TX
6323,1.0,33.38,9.46,0.9891672,-56.97039,115.0,SAN ANTONIO 29 0,29.462809,-98.524635,TX
6324,1.0,58.22,16.5,0.9914735,-56.527291,115.0,SAN ANTONIO 7 0,29.462809,-98.524635,TX
6325,1.0,4.74,1.34,1.0026408,-54.29914,115.0,BUCKHOLTS 0,30.873986,-97.128873,TX
6326,1.0,15.43,4.37,0.9899843,-46.257406,115.0,SOMERVILLE 0,30.345438,-96.530948,TX
6327,1.0,17.61,4.99,1.0098798,-39.846142,115.0,WEIMAR 0,29.70005,-96.777251,TX
6328,1.0,27.95,7.92,1.0000099,-59.146048,115.0,COMFORT 0,29.972311,-98.904698,TX
6329,1.0,1.79,0.51,1.0126802,-44.261218,115.0,NORDHEIM 0,28.92379,-97.614077,TX
6330,1.0,133.75,37.9,0.9831929,-59.178951,115.0,AUSTIN 9 0,30.298622,-97.754134,TX
6331,1.0,81.32,23.04,0.9903278,-58.571849,115.0,AUSTIN 22 0,30.298622,-97.754134,TX
6332,1.0,73.0,20.68,1.000053,-56.637882,115.0,HELOTES 0,29.57797,-98.68054,TX
6333,1.0,0.0,0.0,1.0187552,-48.912375,500.0,SAN ANTONIO 47 0,29.462809,-98.524635,TX
6334,1.0,0.0,0.0,1.0150717,-51.587148,230.0,SAN ANTONIO 47 1,29.462809,-98.524635,TX
6335,1.0,164.71,46.67,0.9930425,-55.616852,115.0,SAN ANTONIO 47 2,29.462809,-98.524635,TX
6336,1.0,26.07,7.39,0.9912361,-58.846901,115.0,BANDERA 0,29.725126,-99.074261,TX
6337,1.0,121.19,34.34,1.0060959,-56.94729,115.0,SAN ANTONIO 30 0,29.462809,-98.524635,TX
6338,1.0,33.61,9.52,0.989408,-52.880451,115.0,ROCKDALE 2 0,30.655731,-97.008515,TX
6339,1.0,34.37,9.74,0.9971138,-53.970673,115.0,CEDAR CREEK 2 0,30.082341,-97.51112,TX
6340,1.0,29.18,8.27,1.0097523,-51.759904,115.0,NIXON 0,29.26967,-97.765876,TX
6341,1.0,6.3,1.79,1.0020869,-42.005501,115.0,CHAPPELL HILL 0,31.0,-99.0,TX
6342,1.0,0.0,0.0,1.0134302,-51.161065,500.0,ROUND ROCK 3 0,30.526146,-97.663532,TX
6343,1.0,0.0,0.0,1.003996,-53.537474,230.0,ROUND ROCK 3 1,30.526146,-97.663532,TX
6344,1.0,158.8,44.99,0.9985163,-55.606827,115.0,ROUND ROCK 3 2,30.526146,-97.663532,TX
6345,1.0,17.7,5.02,0.9843318,-58.346,115.0,AUSTIN 14 0,30.298622,-97.754134,TX
6346,1.0,2.3,0.65,0.9945221,-52.988984,115.0,LEMING 0,29.068341,-98.472227,TX
6349,2.0,0.0,0.0,1.0271752,-49.65217,500.0,AUSTIN 1 0,30.298622,-97.754134,TX
6350,1.0,0.0,0.0,1.0145417,-51.853906,230.0,AUSTIN 1 1,30.298622,-97.754134,TX
6351,1.0,23.86,6.76,0.9951246,-56.366312,115.0,AUSTIN 1 2,30.298622,-97.754134,TX
6352,1.0,121.76,34.5,1.0048379,-56.825664,115.0,SAN ANTONIO 28 0,29.462809,-98.524635,TX
6353,1.0,107.96,30.59,0.9951349,-56.812769,115.0,ROUND ROCK 2 0,30.526146,-97.663532,TX
6354,1.0,0.0,0.0,1.0026976,-53.829648,230.0,ROUND ROCK 4 0,30.526146,-97.663532,TX
6355,1.0,151.82,43.02,0.9984485,-55.251691,115.0,ROUND ROCK 4 1,30.526146,-97.663532,TX
6356,1.0,135.92,38.51,1.02,-58.382576,115.0,SAN ANTONIO 34 0,29.462809,-98.524635,TX
6357,1.0,30.83,8.74,1.0109896,-54.370847,115.0,DEVINE 0,29.145834,-98.904985,TX
6358,1.0,77.99,22.1,1.02,-58.681728,115.0,GEORGETOWN 1 0,30.668136,-97.698744,TX
6359,1.0,0.0,0.0,1.0201496,-49.563469,230.0,BURNET 0,30.7506,-98.238227,TX
6360,1.0,38.93,11.03,0.9980803,-49.890752,115.0,BURNET 1,30.7506,-98.238227,TX
7001,1.0,9.3,2.64,0.9988253,-35.897275,115.0,INEZ 0,28.876334,-96.790882,TX
7002,1.0,0.0,0.0,1.0308896,-25.167512,500.0,PASADENA 2 0,29.654996,-95.151055,TX
7003,1.0,0.0,0.0,1.0157277,-29.461772,230.0,PASADENA 2 1,29.654996,-95.151055,TX
7004,1.0,221.92,62.88,1.0088972,-34.145434,115.0,PASADENA 2 2,29.654996,-95.151055,TX
7005,2.0,0.0,0.0,1.04,-23.00984,13.8,PASADENA 2 3,29.654996,-95.151055,TX
7006,2.0,0.0,0.0,1.04,-23.940836,13.8,PASADENA 2 4,29.654996,-95.151055,TX
7007,2.0,0.0,0.0,1.04,-23.320668,13.8,PASADENA 2 5,29.654996,-95.151055,TX
7008,2.0,0.0,0.0,1.04,-23.227021,13.8,PASADENA 2 6,29.654996,-95.151055,TX
7009,2.0,0.0,0.0,1.04,-23.006108,13.8,PASADENA 2 7,29.654996,-95.151055,TX
7010,1.0,15.65,4.43,0.9834083,-42.902605,115.0,PRAIRIE VIEW 0,30.082855,-95.977134,TX
7011,1.0,35.79,10.14,1.0130227,-42.32804,115.0,CONROE 1 0,30.328717,-95.4846,TX
7012,1.0,0.94,0.27,0.9780719,-38.925948,115.0,SIMONTON 0,29.676603,-95.973393,TX
7013,1.0,138.05,39.11,0.9905195,-40.640496,115.0,HOUSTON 80 0,29.785743,-95.388806,TX
7014,1.0,52.81,14.96,0.9875111,-38.364442,115.0,HOUSTON 1 0,29.785743,-95.388806,TX
7015,2.0,0.0,0.0,0.9875111,-38.364442,18.0,HOUSTON 1 1,29.785743,-95.388806,TX
7016,1.0,85.56,24.24,0.9987491,-35.467172,115.0,HOUSTON 9 0,29.785743,-95.388806,TX
7017,1.0,135.83,38.48,0.9936244,-39.539804,115.0,HOUSTON 73 0,29.785743,-95.388806,TX
7018,1.0,0.0,0.0,1.0229242,-32.820212,500.0,NURSERY 0,31.0,-99.0,TX
7019,1.0,0.0,0.0,1.0162947,-33.865569,230.0,NURSERY 1,31.0,-99.0,TX
7020,1.0,75.38,21.36,1.0115354,-36.622257,115.0,NURSERY 2,31.0,-99.0,TX
7021,2.0,0.0,0.0,1.0289052,-32.177441,18.0,NURSERY 3,31.0,-99.0,TX
7022,2.0,0.0,0.0,1.0361187,-31.381131,18.0,NURSERY 4,31.0,-99.0,TX
7023,2.0,0.0,0.0,1.0312153,-31.93252,18.0,NURSERY 5,31.0,-99.0,TX
7024,2.0,0.0,0.0,1.0285136,-32.224903,18.0,NURSERY 6,31.0,-99.0,TX
7025,2.0,0.0,0.0,1.0229242,-32.820212,18.0,NURSERY 7,31.0,-99.0,TX
7026,1.0,43.39,12.29,1.0066727,-35.475671,115.0,BACLIFF 0,29.508637,-94.988677,TX
7027,1.0,109.22,30.95,0.990767,-39.909008,115.0,SPRING 1 0,30.062169,-95.383966,TX
7028,1.0,77.01,21.82,1.0093886,-38.861453,115.0,HOUSTON 72 0,29.785743,-95.388806,TX
7029,1.0,0.0,0.0,1.0156771,-32.349799,230.0,PORT LAVACA 0,28.617967,-96.628288,TX
7030,1.0,0.0,0.0,1.0134417,-36.053598,115.0,PORT LAVACA 1,28.617967,-96.628288,TX
7031,2.0,0.0,0.0,1.0154757,-29.3481,13.8,PORT LAVACA 2,28.617967,-96.628288,TX
7032,2.0,0.0,0.0,1.016048,-31.383864,13.8,PORT LAVACA 3,28.617967,-96.628288,TX
7033,2.0,0.0,0.0,1.0159716,-31.456969,13.8,PORT LAVACA 4,28.617967,-96.628288,TX
7034,2.0,0.0,0.0,1.0156771,-32.349799,13.8,PORT LAVACA 5,28.617967,-96.628288,TX
7035,1.0,0.0,0.0,1.0078649,-37.013629,230.0,CONROE 5 0,30.328717,-95.4846,TX
7036,1.0,92.31,26.15,0.9960813,-39.530914,115.0,CONROE 5 1,30.328717,-95.4846,TX
7037,1.0,0.0,0.0,1.0204474,-31.262108,500.0,SUGAR LAND 3 0,29.592764,-95.633801,TX
7038,1.0,0.0,0.0,1.0074036,-32.788943,230.0,SUGAR LAND 3 1,29.592764,-95.633801,TX
7039,1.0,235.5,66.73,0.9987369,-37.255034,115.0,SUGAR LAND 3 2,29.592764,-95.633801,TX
7040,1.0,0.0,0.0,1.0131665,-31.069658,230.0,DAYTON 0,30.013177,-94.936004,TX
7041,1.0,93.88,26.6,1.0026901,-34.748222,115.0,DAYTON 1,30.013177,-94.936004,TX
7042,1.0,0.0,0.0,1.0230586,-31.588727,500.0,VICTORIA 2 0,28.828528,-96.986015,TX
7043,1.0,0.0,0.0,1.0185878,-32.968894,230.0,VICTORIA 2 1,28.828528,-96.986015,TX
7044,1.0,124.64,35.32,0.9993562,-35.777402,115.0,VICTORIA 2 2,28.828528,-96.986015,TX
7045,2.0,0.0,0.0,1.03,-29.600643,20.0,VICTORIA 2 3,28.828528,-96.986015,TX
7046,2.0,0.0,0.0,1.03,-30.674595,20.0,VICTORIA 2 4,28.828528,-96.986015,TX
7047,1.0,0.0,0.0,1.0186959,-31.703194,500.0,KATY 1 0,29.790915,-95.840711,TX
7048,1.0,0.0,0.0,1.0086827,-33.864973,230.0,KATY 1 1,29.790915,-95.840711,TX
7049,1.0,283.15,80.22,1.0026432,-38.589194,115.0,KATY 1 2,29.790915,-95.840711,TX
7050,1.0,72.03,20.41,0.9830103,-42.568627,115.0,MAGNOLIA 2 0,30.213032,-95.7426,TX
7051,1.0,140.79,39.89,0.9911559,-39.321637,115.0,HOUSTON 29 0,29.785743,-95.388806,TX
7052,1.0,106.66,30.22,0.9934178,-37.586035,115.0,MISSOURI CITY 1 0,29.562944,-95.535999,TX
7053,1.0,105.96,30.02,1.0040276,-32.912949,115.0,RICHMOND 1 0,29.581161,-95.760484,TX
7054,1.0,92.85,26.31,0.9812715,-39.271522,115.0,HOUSTON 11 0,29.785743,-95.388806,TX
7055,1.0,98.08,27.79,0.9953525,-37.230302,115.0,HOUSTON 33 0,29.785743,-95.388806,TX
7056,1.0,0.0,0.0,1.0035508,-36.329916,230.0,SPRING 8 0,30.062169,-95.383966,TX
7057,1.0,106.11,30.06,0.9845577,-40.95062,115.0,SPRING 8 1,30.062169,-95.383966,TX
7058,1.0,0.0,0.0,1.0185645,-28.544197,500.0,POINT COMFORT 2 0,28.668397,-96.556974,TX
7059,1.0,0.0,0.0,1.0184176,-29.881624,230.0,POINT COMFORT 2 1,28.668397,-96.556974,TX
7060,1.0,0.0,0.0,1.0198371,-32.059455,115.0,POINT COMFORT 2 2,28.668397,-96.556974,TX
7061,2.0,0.0,0.0,1.015559,-27.631997,13.8,POINT COMFORT 2 3,28.668397,-96.556974,TX
7062,2.0,0.0,0.0,1.0158446,-27.710276,13.8,POINT COMFORT 2 4,28.668397,-96.556974,TX
7063,2.0,0.0,0.0,1.0156621,-27.643345,13.8,POINT COMFORT 2 5,28.668397,-96.556974,TX
7064,2.0,0.0,0.0,1.0162685,-27.690809,13.8,POINT COMFORT 2 6,28.668397,-96.556974,TX
7065,2.0,0.0,0.0,1.016128,-27.604972,13.8,POINT COMFORT 2 7,28.668397,-96.556974,TX
7066,2.0,0.0,0.0,1.0159135,-27.716963,13.8,POINT COMFORT 2 8,28.668397,-96.556974,TX
7067,1.0,82.69,23.43,0.9743229,-41.330203,115.0,HOUSTON 28 0,29.785743,-95.388806,TX
7068,1.0,0.0,0.0,1.0123756,-30.013819,230.0,EL CAMPO 0,29.200693,-96.272343,TX
7069,1.0,51.16,14.5,1.0010453,-33.915726,115.0,EL CAMPO 1,29.200693,-96.272343,TX
7070,1.0,101.03,28.63,0.9904485,-36.571628,115.0,HOUSTON 12 0,29.785743,-95.388806,TX
7071,1.0,3.76,1.07,0.9936273,-31.960872,115.0,PORT O CONNOR 0,31.0,-99.0,TX
7072,1.0,116.42,32.99,1.00254,-35.012364,115.0,DICKINSON 0,29.451717,-95.056238,TX
7073,1.0,0.0,0.0,1.0131661,-31.222349,230.0,GALVESTON 1 0,29.186328,-94.965758,TX
7074,1.0,69.13,19.59,1.0084187,-33.794597,115.0,GALVESTON 1 1,29.186328,-94.965758,TX
7075,1.0,160.86,45.58,1.013432,-35.328229,115.0,HOUSTON 10 0,29.785743,-95.388806,TX
7076,1.0,0.0,0.0,1.0338607,-25.300027,500.0,BAYTOWN 2 0,29.76478,-94.967457,TX
7077,1.0,0.0,0.0,1.0258764,-27.617169,230.0,BAYTOWN 2 1,29.76478,-94.967457,TX
7078,1.0,0.0,0.0,1.0135048,-32.148465,115.0,BAYTOWN 2 2,29.76478,-94.967457,TX
7079,2.0,0.0,0.0,1.04,-23.877629,13.8,BAYTOWN 2 3,29.76478,-94.967457,TX
7080,2.0,0.0,0.0,1.04,-23.411904,13.8,BAYTOWN 2 4,29.76478,-94.967457,TX
7081,2.0,0.0,0.0,1.04,-23.394085,13.8,BAYTOWN 2 5,29.76478,-94.967457,TX
7082,2.0,0.0,0.0,1.04,-23.789187,13.8,BAYTOWN 2 6,29.76478,-94.967457,TX
7083,1.0,0.0,0.0,1.0135396,-30.313824,230.0,LEAGUE CITY 0,29.490064,-95.109093,TX
7084,1.0,214.74,60.84,1.0037947,-33.715566,115.0,LEAGUE CITY 1,29.490064,-95.109093,TX
7085,1.0,4.1,1.16,0.9955472,-34.998489,115.0,LIVERPOOL 0,29.301801,-95.274513,TX
7086,1.0,53.44,15.14,0.9888144,-37.406188,115.0,HOUSTON 16 0,29.785743,-95.388806,TX
7087,1.0,74.22,21.03,0.9994783,-36.234208,115.0,SUGAR LAND 1 0,29.592764,-95.633801,TX
7088,1.0,101.05,28.63,0.9744316,-40.186082,115.0,RICHMOND 2 0,29.581161,-95.760484,TX
7089,1.0,70.07,19.85,1.0103803,-40.348574,115.0,HOUSTON 82 0,29.785743,-95.388806,TX
7090,1.0,13.8,3.91,0.9850108,-42.073173,115.0,PINEHURST 0,30.188607,-95.703538,TX
7091,1.0,210.68,59.69,1.02,-39.739036,115.0,PEARLAND 2 0,29.555732,-95.323012,TX
7092,1.0,39.23,11.11,0.9886391,-38.692314,115.0,HOUSTON 47 0,29.785743,-95.388806,TX
7093,1.0,109.15,30.93,0.9843832,-39.473037,115.0,HOUSTON 79 0,29.785743,-95.388806,TX
7094,1.0,76.69,21.73,0.9994356,-40.178534,115.0,HOUSTON 49 0,29.785743,-95.388806,TX
7095,1.0,0.0,0.0,1.0074381,-21.541453,500.0,WADSWORTH 0,28.829941,-95.914531,TX
7096,1.0,0.0,0.0,1.0123956,-23.770226,230.0,WADSWORTH 1,28.829941,-95.914531,TX
7097,1.0,0.0,0.0,1.0125023,-25.474344,115.0,WADSWORTH 2,28.829941,-95.914531,TX
7098,3.0,0.0,0.0,1.0,0.0,13.8,WADSWORTH 3,28.829941,-95.914531,TX
7099,2.0,0.0,0.0,1.0,-13.039145,13.8,WADSWORTH 4,28.829941,-95.914531,TX
7100,1.0,62.16,17.61,0.9898851,-37.231914,115.0,HOUSTON 18 0,29.785743,-95.388806,TX
7101,1.0,212.51,60.21,0.9962049,-38.442941,115.0,HOUSTON 88 0,29.785743,-95.388806,TX
7102,1.0,118.05,33.45,0.9797028,-40.822507,115.0,TOMBALL 1 0,30.095078,-95.619678,TX
7103,1.0,58.64,16.61,0.9903254,-37.579193,115.0,HOUSTON 22 0,29.785743,-95.388806,TX
7104,1.0,0.0,0.0,1.0311756,-24.706667,500.0,DEER PARK 0,29.687279,-95.115897,TX
7105,1.0,0.0,0.0,1.0168298,-29.208458,230.0,DEER PARK 1,29.687279,-95.115897,TX
7106,1.0,92.07,26.09,1.0103643,-33.45267,115.0,DEER PARK 2,29.687279,-95.115897,TX
7107,2.0,0.0,0.0,1.0387431,-23.903447,24.0,DEER PARK 3,29.687279,-95.115897,TX
7108,2.0,0.0,0.0,1.04,-23.480049,24.0,DEER PARK 4,29.687279,-95.115897,TX
7109,2.0,0.0,0.0,1.04,-23.687999,24.0,DEER PARK 5,29.687279,-95.115897,TX
7110,2.0,0.0,0.0,1.04,-22.732252,24.0,DEER PARK 6,29.687279,-95.115897,TX
7111,2.0,0.0,0.0,1.04,-22.683544,24.0,DEER PARK 7,29.687279,-95.115897,TX
7112,2.0,0.0,0.0,1.04,-23.486224,24.0,DEER PARK 8,29.687279,-95.115897,TX
7113,2.0,0.0,0.0,1.04,-22.342502,24.0,DEER PARK 9,29.687279,-95.115897,TX
7114,2.0,0.0,0.0,1.04,-23.567937,24.0,DEER PARK 10,29.687279,-95.115897,TX
7115,2.0,0.0,0.0,1.04,-23.567088,24.0,DEER PARK 11,29.687279,-95.115897,TX
7116,1.0,12.16,3.45,0.9775222,-39.663835,115.0,WALLIS 0,29.632021,-96.063517,TX
7117,1.0,84.03,23.81,0.9898801,-39.317748,115.0,HOUSTON 67 0,29.785743,-95.388806,TX
7118,1.0,121.15,34.33,0.9802876,-40.405512,115.0,SPRING 4 0,30.062169,-95.383966,TX
7119,1.0,49.7,14.08,0.9904056,-37.122593,115.0,SOUTH HOUSTON 0,29.661024,-95.228361,TX
7120,1.0,149.7,42.41,0.9806181,-40.454047,115.0,HOUSTON 3 0,29.785743,-95.388806,TX
7121,2.0,0.0,0.0,0.9806181,-40.454047,18.0,HOUSTON 3 1,29.785743,-95.388806,TX
7122,2.0,0.0,0.0,0.9806181,-40.454047,18.0,HOUSTON 3 2,29.785743,-95.388806,TX
7123,1.0,6.63,1.88,0.9928242,-31.471018,115.0,SEADRIFT 0,28.413239,-96.716722,TX
7124,1.0,164.66,46.65,0.9876848,-38.594345,115.0,HOUSTON 34 0,29.785743,-95.388806,TX
7125,1.0,0.0,0.0,1.0269447,-25.549087,500.0,SUGAR LAND 2 0,29.592764,-95.633801,TX
7126,1.0,0.0,0.0,1.0092878,-31.847686,230.0,SUGAR LAND 2 1,29.592764,-95.633801,TX
7127,1.0,223.54,63.34,1.0044857,-34.52889,115.0,SUGAR LAND 2 2,29.592764,-95.633801,TX
7128,1.0,63.94,18.12,0.994936,-39.907748,115.0,CONROE 7 0,30.328717,-95.4846,TX
7129,1.0,5.15,1.46,1.0153959,-34.037317,115.0,LOLITA 0,28.832483,-96.538783,TX
7130,1.0,0.0,0.0,1.028166,-24.428513,500.0,LAPORTE 0,40.637701,-105.143605,CO
7131,1.0,0.0,0.0,1.0148025,-29.281402,230.0,LAPORTE 1,40.637701,-105.143605,CO
7132,1.0,72.75,20.61,1.0025517,-32.941326,115.0,LAPORTE 2,40.637701,-105.143605,CO
7133,2.0,0.0,0.0,1.0272597,-23.955606,13.8,LAPORTE 3,40.637701,-105.143605,CO
7134,2.0,0.0,0.0,1.0251977,-22.917745,13.8,LAPORTE 4,40.637701,-105.143605,CO
7135,2.0,0.0,0.0,1.024296,-22.529141,13.8,LAPORTE 5,40.637701,-105.143605,CO
7136,2.0,0.0,0.0,1.02382,-22.339673,13.8,LAPORTE 6,40.637701,-105.143605,CO
7137,2.0,0.0,0.0,1.0239783,-22.261472,13.8,LAPORTE 7,40.637701,-105.143605,CO
7138,2.0,0.0,0.0,1.0253386,-22.98795,13.8,LAPORTE 8,40.637701,-105.143605,CO
7139,2.0,0.0,0.0,1.0254138,-22.934792,13.8,LAPORTE 9,40.637701,-105.143605,CO
7140,2.0,0.0,0.0,1.0256498,-23.168351,13.8,LAPORTE 10,40.637701,-105.143605,CO
7141,2.0,0.0,0.0,1.0266225,-23.601931,13.8,LAPORTE 11,40.637701,-105.143605,CO
7142,2.0,0.0,0.0,1.0260585,-23.336257,13.8,LAPORTE 12,40.637701,-105.143605,CO
7143,1.0,59.96,16.99,0.99249,-41.11236,115.0,NEW CANEY 0,31.0,-99.0,TX
7144,1.0,97.68,27.68,0.9919879,-36.5718,115.0,HOUSTON 14 0,29.785743,-95.388806,TX
7145,1.0,143.78,40.74,1.02,-41.123288,115.0,HOUSTON 2 0,29.785743,-95.388806,TX
7146,2.0,0.0,0.0,1.0178698,-39.925572,13.8,HOUSTON 2 1,29.785743,-95.388806,TX
7147,1.0,47.29,13.4,1.000142,-38.300312,115.0,HOUSTON 78 0,29.785743,-95.388806,TX
7148,1.0,59.46,16.85,0.9839619,-40.197327,115.0,HOUSTON 40 0,29.785743,-95.388806,TX
7149,1.0,12.25,3.47,0.998534,-34.867836,115.0,BLOOMINGTON 0,28.650419,-96.902195,TX
7150,1.0,0.0,0.0,1.02,-38.46942,230.0,WILLIS 2 0,30.434166,-95.484207,TX
7151,1.0,44.05,12.48,1.0120568,-40.963825,115.0,WILLIS 2 1,30.434166,-95.484207,TX
7152,1.0,3.59,1.02,0.9910062,-38.268732,115.0,HOUSTON 51 0,29.785743,-95.388806,TX
7153,1.0,26.21,7.42,0.99523,-28.296497,115.0,PALACIOS 0,28.713129,-96.227888,TX
7154,1.0,58.6,16.6,0.9974807,-40.910001,115.0,CONROE 4 0,30.328717,-95.4846,TX
7155,1.0,78.41,22.22,0.9832022,-38.540655,115.0,HOUSTON 52 0,29.785743,-95.388806,TX
7156,1.0,0.0,0.0,1.0001774,-35.418586,230.0,SPRING 2 0,30.062169,-95.383966,TX
7157,1.0,163.83,46.42,0.9931671,-38.756271,115.0,SPRING 2 1,30.062169,-95.383966,TX
7158,1.0,78.37,22.2,0.9785253,-39.587309,115.0,KINGWOOD 1 0,39.471953,-79.68225,WV
7159,1.0,0.0,0.0,1.0246319,-31.315636,500.0,HOUSTON 5 0,29.785743,-95.388806,TX
7160,1.0,0.0,0.0,1.0116466,-33.610369,230.0,HOUSTON 5 1,29.785743,-95.388806,TX
7161,1.0,137.54,38.97,1.0013965,-36.996483,115.0,HOUSTON 5 2,29.785743,-95.388806,TX
7162,2.0,0.0,0.0,1.0334586,-30.365682,18.0,HOUSTON 5 3,29.785743,-95.388806,TX
7163,2.0,0.0,0.0,1.0381547,-29.84716,18.0,HOUSTON 5 4,29.785743,-95.388806,TX
7164,2.0,0.0,0.0,1.0344526,-30.245221,18.0,HOUSTON 5 5,29.785743,-95.388806,TX
7165,2.0,0.0,0.0,1.033515,-30.351678,18.0,HOUSTON 5 6,29.785743,-95.388806,TX
7166,2.0,0.0,0.0,1.04,-29.602421,18.0,HOUSTON 5 7,29.785743,-95.388806,TX
7167,2.0,0.0,0.0,1.04,-29.231157,18.0,HOUSTON 5 8,29.785743,-95.388806,TX
7168,2.0,0.0,0.0,1.0347804,-30.21216,18.0,HOUSTON 5 9,29.785743,-95.388806,TX
7169,2.0,0.0,0.0,1.0329223,-30.412133,18.0,HOUSTON 5 10,29.785743,-95.388806,TX
7170,2.0,0.0,0.0,1.04,-29.097528,18.0,HOUSTON 5 11,29.785743,-95.388806,TX
7171,1.0,0.0,0.0,1.012522,-31.611706,230.0,TEXAS CITY 1 0,29.433717,-94.892695,TX
7172,1.0,91.12,25.82,1.0130216,-33.767686,115.0,TEXAS CITY 1 1,29.433717,-94.892695,TX
7173,1.0,112.54,31.89,0.9767976,-40.468521,115.0,KINGWOOD 2 0,39.471953,-79.68225,WV
7174,1.0,124.67,35.32,0.9888966,-35.891139,115.0,HOUSTON 8 0,29.785743,-95.388806,TX
7175,1.0,0.0,0.0,1.0224548,-32.45866,500.0,SPRING 7 0,30.062169,-95.383966,TX
7176,1.0,0.0,0.0,1.0074744,-34.836339,230.0,SPRING 7 1,30.062169,-95.383966,TX
7177,1.0,211.63,59.96,0.9850025,-39.655639,115.0,SPRING 7 2,30.062169,-95.383966,TX
7178,1.0,122.49,34.71,0.9809384,-40.62814,115.0,HOUSTON 41 0,29.785743,-95.388806,TX
7179,1.0,58.29,16.52,0.9876968,-37.536835,115.0,FRESNO 0,29.537522,-95.468665,TX
7180,1.0,91.45,25.91,0.9881201,-39.069418,115.0,HOUSTON 48 0,29.785743,-95.388806,TX
7181,1.0,148.98,42.21,0.981272,-40.54751,115.0,HOUSTON 58 0,29.785743,-95.388806,TX
7182,1.0,2.07,0.59,0.9824496,-40.519679,115.0,PATTISON 0,29.818429,-95.976392,TX
7183,1.0,215.91,61.17,1.02,-40.08188,115.0,HOUSTON 77 0,29.785743,-95.388806,TX
7184,1.0,0.0,0.0,1.0167445,-28.59447,230.0,MISSOURI CITY 2 0,29.562944,-95.535999,TX
7185,1.0,168.93,47.86,1.0060354,-31.087515,115.0,MISSOURI CITY 2 1,29.562944,-95.535999,TX
7186,1.0,0.0,0.0,1.02292,-26.830234,500.0,HOUSTON 4 0,29.785743,-95.388806,TX
7187,1.0,0.0,0.0,1.0082568,-31.263917,230.0,HOUSTON 4 1,29.785743,-95.388806,TX
7188,1.0,76.58,21.7,0.9973159,-36.382617,115.0,HOUSTON 4 2,29.785743,-95.388806,TX
7189,2.0,0.0,0.0,1.0244044,-26.672583,13.8,HOUSTON 4 3,29.785743,-95.388806,TX
7190,2.0,0.0,0.0,1.03,-25.442783,13.8,HOUSTON 4 4,29.785743,-95.388806,TX
7191,2.0,0.0,0.0,1.02292,-26.830234,13.8,HOUSTON 4 5,29.785743,-95.388806,TX
7192,2.0,0.0,0.0,1.0293462,-26.140142,13.8,HOUSTON 4 6,29.785743,-95.388806,TX
7193,2.0,0.0,0.0,1.0239638,-26.720203,13.8,HOUSTON 4 7,29.785743,-95.388806,TX
7194,2.0,0.0,0.0,1.03,-24.946595,13.8,HOUSTON 4 8,29.785743,-95.388806,TX
7195,2.0,0.0,0.0,1.03,-24.647155,13.8,HOUSTON 4 9,29.785743,-95.388806,TX
7196,2.0,0.0,0.0,1.03,-25.65831,13.8,HOUSTON 4 10,29.785743,-95.388806,TX
7197,2.0,0.0,0.0,1.0299048,-26.0788,13.8,HOUSTON 4 11,29.785743,-95.388806,TX
7198,1.0,86.12,24.4,1.02,-40.057986,115.0,TOMBALL 2 0,30.095078,-95.619678,TX
7199,1.0,0.0,0.0,1.0211892,-31.390498,500.0,CYPRESS 1 0,33.818477,-118.038307,CA
7200,1.0,0.0,0.0,1.0086871,-35.520765,230.0,CYPRESS 1 1,33.818477,-118.038307,CA
7201,1.0,216.79,61.42,1.0059173,-39.20213,115.0,CYPRESS 1 2,33.818477,-118.038307,CA
7202,1.0,35.93,10.18,0.9853626,-42.994059,115.0,HEMPSTEAD 0,30.100601,-96.07773,TX
7203,1.0,20.55,5.82,0.9927872,-34.122814,115.0,WEST COLUMBIA 0,29.141926,-95.649452,TX
7204,1.0,0.0,0.0,1.0337236,-24.518469,500.0,BAYTOWN 1 0,29.76478,-94.967457,TX
7205,1.0,0.0,0.0,1.0241681,-27.640063,230.0,BAYTOWN 1 1,29.76478,-94.967457,TX
7206,1.0,0.0,0.0,1.0195164,-31.735465,115.0,BAYTOWN 1 2,29.76478,-94.967457,TX
7207,2.0,0.0,0.0,1.0337236,-24.518469,18.0,BAYTOWN 1 3,29.76478,-94.967457,TX
7208,2.0,0.0,0.0,1.04,-20.769064,18.0,BAYTOWN 1 4,29.76478,-94.967457,TX
7209,2.0,0.0,0.0,1.04,-21.923763,18.0,BAYTOWN 1 5,29.76478,-94.967457,TX
7210,2.0,0.0,0.0,1.04,-22.449677,18.0,BAYTOWN 1 6,29.76478,-94.967457,TX
7211,2.0,0.0,0.0,1.04,-23.031525,18.0,BAYTOWN 1 7,29.76478,-94.967457,TX
7212,2.0,0.0,0.0,1.04,-22.097557,18.0,BAYTOWN 1 8,29.76478,-94.967457,TX
7213,1.0,68.5,19.41,1.0000986,-35.77108,115.0,SANTA FE 1 0,29.387565,-95.101543,TX
7214,1.0,83.89,23.77,0.9858099,-37.756776,115.0,HOUSTON 27 0,29.785743,-95.388806,TX
7215,1.0,104.88,29.72,0.9842558,-41.204935,115.0,SPRING 5 0,30.062169,-95.383966,TX
7216,1.0,92.56,26.23,0.9852337,-39.093828,115.0,HOUSTON 46 0,29.785743,-95.388806,TX
7217,1.0,76.39,21.64,0.9886059,-39.192467,115.0,HOUSTON 23 0,29.785743,-95.388806,TX
7218,1.0,48.11,13.63,0.9836069,-42.735419,115.0,MONTGOMERY 0,30.390385,-95.698168,TX
7219,1.0,1.25,0.36,0.9981012,-36.7793,115.0,HUNGERFORD 0,29.406704,-96.090529,TX
7220,1.0,141.27,40.03,0.9888217,-39.155262,115.0,HOUSTON 84 0,29.785743,-95.388806,TX
7221,1.0,169.58,48.05,0.9878622,-38.833482,115.0,HOUSTON 83 0,29.785743,-95.388806,TX
7222,1.0,86.99,24.65,0.9876384,-37.757631,115.0,HOUSTON 24 0,29.785743,-95.388806,TX
7223,1.0,49.62,14.06,0.9915919,-39.091796,115.0,HOUSTON 76 0,29.785743,-95.388806,TX
7224,1.0,30.77,8.72,0.9860973,-39.365149,115.0,HOUSTON 43 0,29.785743,-95.388806,TX
7225,1.0,111.44,31.57,0.9821239,-41.071923,115.0,HOUSTON 81 0,29.785743,-95.388806,TX
7226,1.0,45.25,12.82,0.9943576,-38.591911,115.0,HOUSTON 35 0,29.785743,-95.388806,TX
7227,1.0,0.0,0.0,1.0252862,-29.866898,500.0,HOUSTON 90 0,29.785743,-95.388806,TX
7228,1.0,0.0,0.0,1.0076262,-33.825499,230.0,HOUSTON 90 1,29.785743,-95.388806,TX
7229,1.0,285.41,80.87,1.0007768,-36.221085,115.0,HOUSTON 90 2,29.785743,-95.388806,TX
7230,1.0,7.37,2.09,1.0034724,-38.407952,115.0,BEASLEY 0,29.494932,-95.915687,TX
7231,1.0,50.85,14.41,0.9956042,-34.800269,115.0,HOUSTON 7 0,29.785743,-95.388806,TX
7232,1.0,42.92,12.16,1.0149031,-34.558085,115.0,LA MARQUE 0,29.369797,-94.99419,TX
7233,1.0,33.2,9.41,0.9830131,-43.051383,115.0,WALLER 0,30.072394,-95.931551,TX
7234,1.0,77.31,21.9,0.991912,-40.902369,115.0,PORTER 0,46.948728,-123.280249,WA
7235,1.0,151.62,42.96,1.02,-42.347378,115.0,CYPRESS 2 0,33.818477,-118.038307,CA
7236,1.0,38.27,10.84,1.02,-41.022355,115.0,HOUSTON 30 0,29.785743,-95.388806,TX
7237,1.0,15.09,4.28,0.9827633,-38.831621,115.0,FULSHEAR 0,29.692426,-95.886647,TX
7238,1.0,47.85,13.56,1.016549,-36.47764,115.0,LIBERTY 0,30.038834,-94.788803,TX
7239,1.0,42.4,12.01,0.9951102,-35.424593,115.0,WINNIE 0,29.816716,-94.380673,TX
7240,1.0,107.69,30.51,0.9972216,-39.317732,115.0,HOUSTON 63 0,29.785743,-95.388806,TX
7241,1.0,104.32,29.56,0.9838542,-39.896736,115.0,HOUSTON 70 0,29.785743,-95.388806,TX
7242,1.0,80.14,22.71,0.9848717,-39.951895,115.0,HOUSTON 55 0,29.785743,-95.388806,TX
7243,1.0,78.71,22.3,0.9936668,-38.017051,115.0,CROSBY 0,29.915154,-95.057681,TX
7244,1.0,38.02,10.77,0.9894474,-36.869563,115.0,MANVEL 0,29.485422,-95.362322,TX
7245,1.0,98.79,27.99,0.9917498,-41.155192,115.0,HOUSTON 54 0,29.785743,-95.388806,TX
7246,1.0,199.51,56.53,0.9767317,-41.367276,115.0,HOUSTON 89 0,29.785743,-95.388806,TX
7247,1.0,9.2,2.61,0.9926268,-34.544355,115.0,DAMON 0,29.283237,-95.740772,TX
7248,1.0,220.52,62.48,0.9823297,-40.057874,115.0,HOUSTON 74 0,29.785743,-95.388806,TX
7249,1.0,71.82,20.35,0.9857463,-39.026662,115.0,HOUSTON 26 0,29.785743,-95.388806,TX
7250,1.0,32.62,9.24,0.9969289,-38.139542,115.0,HOUSTON 32 0,29.785743,-95.388806,TX
7251,1.0,35.62,10.09,0.9896157,-42.733576,115.0,HOCKLEY 0,31.0,-99.0,TX
7252,1.0,0.0,0.0,1.017083,-29.96596,230.0,ANGLETON 0,29.171774,-95.429311,TX
7253,1.0,90.93,25.76,1.0026492,-33.209932,115.0,ANGLETON 1,29.171774,-95.429311,TX
7254,1.0,50.13,14.2,1.0088152,-42.016941,115.0,CONROE 3 0,30.328717,-95.4846,TX
7255,1.0,58.99,16.71,0.9948268,-37.032743,115.0,HOUSTON 39 0,29.785743,-95.388806,TX
7256,1.0,86.86,24.61,0.9887749,-38.142861,115.0,HOUSTON 59 0,29.785743,-95.388806,TX
7257,1.0,127.15,36.03,0.9868027,-36.862634,115.0,PEARLAND 1 0,29.555732,-95.323012,TX
7258,1.0,42.99,12.18,0.9899728,-38.136861,115.0,HOUSTON 56 0,29.785743,-95.388806,TX
7259,1.0,146.05,41.38,0.9983176,-37.765313,115.0,HOUSTON 13 0,29.785743,-95.388806,TX
7260,1.0,124.64,35.31,0.997128,-35.855421,115.0,CHANNELVIEW 2 0,29.793023,-95.114482,TX
7261,1.0,0.0,0.0,1.0159234,-26.4122,230.0,BAY CITY 0,28.983543,-95.959872,TX
7262,1.0,72.03,20.41,1.02,-28.512469,115.0,BAY CITY 1,28.983543,-95.959872,TX
7263,1.0,0.0,0.0,1.0272757,-24.770256,500.0,PASADENA 3 0,29.654996,-95.151055,TX
7264,1.0,0.0,0.0,1.0192214,-27.768401,230.0,PASADENA 3 1,29.654996,-95.151055,TX
7265,1.0,62.91,17.82,1.0023096,-33.128019,115.0,PASADENA 3 2,29.654996,-95.151055,TX
7266,2.0,0.0,0.0,1.0248623,-23.493258,13.8,PASADENA 3 3,29.654996,-95.151055,TX
7267,2.0,0.0,0.0,1.0227154,-22.558575,13.8,PASADENA 3 4,29.654996,-95.151055,TX
7268,2.0,0.0,0.0,1.026006,-24.081747,13.8,PASADENA 3 5,29.654996,-95.151055,TX
7269,2.0,0.0,0.0,1.0230286,-22.781375,13.8,PASADENA 3 6,29.654996,-95.151055,TX
7270,2.0,0.0,0.0,1.0250295,-23.584777,13.8,PASADENA 3 7,29.654996,-95.151055,TX
7271,1.0,28.45,8.06,0.9885136,-40.891701,115.0,BROOKSHIRE 0,29.782391,-95.951441,TX
7272,1.0,45.88,13.0,0.989351,-37.609159,115.0,HOUSTON 25 0,29.785743,-95.388806,TX
7273,1.0,39.39,11.16,1.02,-35.275216,115.0,TEXAS CITY 2 0,29.433717,-94.892695,TX
7274,1.0,0.0,0.0,1.0140366,-34.251137,230.0,VICTORIA 3 0,28.828528,-96.986015,TX
7275,1.0,42.31,11.99,1.0115516,-36.014433,115.0,VICTORIA 3 1,28.828528,-96.986015,TX
7276,1.0,88.67,25.12,1.009303,-39.679339,115.0,HOUSTON 36 0,29.785743,-95.388806,TX
7277,1.0,15.99,4.53,1.02,-36.168155,115.0,GANADO 0,29.041704,-96.511029,TX
7278,1.0,0.0,0.0,1.013357,-29.938319,230.0,MONT BELVIEU 0,29.849964,-94.874713,TX
7279,1.0,148.52,42.08,1.0083658,-33.188095,115.0,MONT BELVIEU 1,29.849964,-94.874713,TX
7280,2.0,0.0,0.0,1.013357,-29.938319,13.8,MONT BELVIEU 2,29.849964,-94.874713,TX
7281,2.0,0.0,0.0,1.013357,-29.938319,13.8,MONT BELVIEU 3,29.849964,-94.874713,TX
7282,1.0,0.0,0.0,1.02029,-28.412487,230.0,BAYTOWN 3 0,29.76478,-94.967457,TX
7283,1.0,109.47,31.02,1.0004525,-32.878949,115.0,BAYTOWN 3 1,29.76478,-94.967457,TX
7284,2.0,0.0,0.0,1.02029,-28.412487,13.2,BAYTOWN 3 2,29.76478,-94.967457,TX
7285,2.0,0.0,0.0,1.0204049,-27.366422,13.2,BAYTOWN 3 3,29.76478,-94.967457,TX
7286,2.0,0.0,0.0,1.0205227,-26.005085,13.2,BAYTOWN 3 4,29.76478,-94.967457,TX
7287,2.0,0.0,0.0,1.0202972,-26.328319,13.2,BAYTOWN 3 5,29.76478,-94.967457,TX
7288,2.0,0.0,0.0,1.0204958,-26.193175,13.2,BAYTOWN 3 6,29.76478,-94.967457,TX
7289,2.0,0.0,0.0,1.0205093,-26.757718,13.2,BAYTOWN 3 7,29.76478,-94.967457,TX
7290,1.0,63.77,18.07,0.980972,-41.543655,115.0,SPRING 6 0,30.062169,-95.383966,TX
7291,1.0,101.91,28.88,0.9719395,-41.051491,115.0,HUMBLE 2 0,29.988207,-95.264356,TX
7292,1.0,94.1,26.66,0.9970579,-38.072624,115.0,HOUSTON 69 0,29.785743,-95.388806,TX
7293,1.0,15.94,4.52,0.9993127,-35.122295,115.0,SANTA FE 2 0,29.387565,-95.101543,TX
7294,1.0,7.25,2.05,1.02,-33.027867,115.0,PORT BOLIVAR 0,31.0,-99.0,TX
7295,1.0,104.37,29.57,0.983818,-40.023612,115.0,HOUSTON 42 0,29.785743,-95.388806,TX
7296,1.0,93.84,26.59,0.9795305,-40.610867,115.0,HOUSTON 85 0,29.785743,-95.388806,TX
7297,1.0,93.77,26.57,0.9828466,-38.532012,115.0,HOUSTON 50 0,29.785743,-95.388806,TX
7298,1.0,101.23,28.68,0.9858147,-39.810746,115.0,HOUSTON 62 0,29.785743,-95.388806,TX
7299,1.0,18.4,5.21,0.9861781,-37.409658,115.0,EAGLE LAKE 0,29.587326,-96.328579,TX
7300,1.0,54.35,15.4,1.02,-42.057317,115.0,CONROE 2 0,30.328717,-95.4846,TX
7301,1.0,69.18,19.6,0.98493,-36.638558,115.0,WEBSTER 0,29.532072,-95.116478,TX
7302,1.0,24.43,6.92,1.0023339,-31.292994,115.0,SWEENY 0,29.046373,-95.698548,TX
7303,1.0,6.49,1.84,1.009455,-34.284925,115.0,BLESSING 0,28.87488,-96.216762,TX
7304,1.0,0.0,0.0,1.021028,-24.842832,500.0,WHARTON 1 0,29.317601,-96.102279,TX
7305,1.0,0.0,0.0,1.0174411,-28.925143,230.0,WHARTON 1 1,29.317601,-96.102279,TX
7306,1.0,7.69,2.18,1.0056465,-33.464884,115.0,WHARTON 1 2,29.317601,-96.102279,TX
7307,2.0,0.0,0.0,1.0315048,-23.714513,24.0,WHARTON 1 3,29.317601,-96.102279,TX
7308,2.0,0.0,0.0,1.0308872,-23.766251,24.0,WHARTON 1 4,29.317601,-96.102279,TX
7309,2.0,0.0,0.0,1.021028,-24.842832,24.0,WHARTON 1 5,29.317601,-96.102279,TX
7310,2.0,0.0,0.0,1.0389985,-22.882074,24.0,WHARTON 1 6,29.317601,-96.102279,TX
7311,2.0,0.0,0.0,1.0323257,-23.624418,24.0,WHARTON 1 7,29.317601,-96.102279,TX
7312,1.0,0.0,0.0,1.0228524,-29.221501,230.0,LAKE JACKSON 0,29.050864,-95.45123,TX
7313,1.0,86.22,24.43,1.0036803,-32.856105,115.0,LAKE JACKSON 1,29.050864,-95.45123,TX
7314,1.0,28.76,8.15,0.9801294,-40.589037,115.0,BELLVILLE 0,29.946639,-96.258839,TX
7315,1.0,69.31,19.64,1.0041188,-40.256651,115.0,KATY 4 0,29.790915,-95.840711,TX
7316,1.0,63.23,17.92,0.9848857,-37.765528,115.0,HOUSTON 38 0,29.785743,-95.388806,TX
7317,1.0,142.91,40.49,0.9927256,-35.694781,115.0,FRIENDSWOOD 0,29.507701,-95.200635,TX
7318,1.0,112.16,31.78,0.9817293,-37.995675,115.0,HOUSTON 17 0,29.785743,-95.388806,TX
7319,1.0,30.19,8.55,0.984279,-39.852701,115.0,HOUSTON 66 0,29.785743,-95.388806,TX
7320,1.0,0.0,0.0,1.0343309,-27.490988,500.0,FREEPORT 1 0,28.943296,-95.35607,TX
7321,1.0,0.0,0.0,1.0269042,-28.786486,230.0,FREEPORT 1 1,28.943296,-95.35607,TX
7322,1.0,0.0,0.0,1.01341,-32.101226,115.0,FREEPORT 1 2,28.943296,-95.35607,TX
7323,2.0,0.0,0.0,1.031574,-27.054888,13.8,FREEPORT 1 3,28.943296,-95.35607,TX
7324,2.0,0.0,0.0,1.0305261,-26.902252,13.8,FREEPORT 1 4,28.943296,-95.35607,TX
7325,2.0,0.0,0.0,1.030498,-26.899335,13.8,FREEPORT 1 5,28.943296,-95.35607,TX
7326,2.0,0.0,0.0,1.0324888,-27.202994,13.8,FREEPORT 1 6,28.943296,-95.35607,TX
7327,1.0,0.0,0.0,1.0202572,-29.489388,230.0,NEWGULF 0,31.0,-99.0,TX
7328,1.0,0.0,0.0,1.0134969,-31.163094,115.0,NEWGULF 1,31.0,-99.0,TX
7329,2.0,0.0,0.0,1.04,-28.709321,13.8,NEWGULF 2,31.0,-99.0,TX
7330,1.0,196.05,55.55,0.9886133,-38.995872,115.0,HOUSTON 60 0,29.785743,-95.388806,TX
7331,1.0,0.0,0.0,1.0260853,-26.864459,500.0,PASADENA 1 0,29.654996,-95.151055,TX
7332,1.0,0.0,0.0,1.0132386,-29.740447,230.0,PASADENA 1 1,29.654996,-95.151055,TX
7333,1.0,29.21,8.27,0.996697,-35.366118,115.0,PASADENA 1 2,29.654996,-95.151055,TX
7334,2.0,0.0,0.0,1.0260853,-26.864459,20.0,PASADENA 1 3,29.654996,-95.151055,TX
7335,2.0,0.0,0.0,1.04,-26.190361,20.0,PASADENA 1 4,29.654996,-95.151055,TX
7336,1.0,107.69,30.51,0.9988208,-37.340748,115.0,STAFFORD 0,29.62572,-95.56574,TX
7337,1.0,24.56,6.96,1.0024036,-37.289513,115.0,EDNA 0,28.975125,-96.648464,TX
7338,1.0,109.2,30.94,0.98803,-37.884801,115.0,HOUSTON 21 0,29.785743,-95.388806,TX
7339,1.0,32.04,9.08,0.9990177,-33.228432,115.0,NEEDVILLE 0,29.394952,-95.838154,TX
7340,1.0,38.64,10.95,0.9793425,-40.852041,115.0,SEALY 0,29.764102,-96.162165,TX
7341,1.0,0.0,0.0,1.0173175,-27.500714,500.0,KATY 3 0,29.790915,-95.840711,TX
7342,1.0,0.0,0.0,1.0059637,-32.758672,230.0,KATY 3 1,29.790915,-95.840711,TX
7343,1.0,184.8,52.36,0.9787817,-38.048324,115.0,KATY 3 2,29.790915,-95.840711,TX
7344,1.0,101.41,28.73,0.9797261,-40.409409,115.0,HOUSTON 37 0,29.785743,-95.388806,TX
7345,1.0,73.37,20.79,0.9898532,-37.290583,115.0,HOUSTON 19 0,29.785743,-95.388806,TX
7346,1.0,0.0,0.0,1.0323519,-24.130807,500.0,THOMPSONS 0,29.481768,-95.636851,TX
7347,1.0,0.0,0.0,1.0198246,-27.878001,230.0,THOMPSONS 1,29.481768,-95.636851,TX
7348,1.0,0.0,0.0,1.0096868,-31.544046,115.0,THOMPSONS 2,29.481768,-95.636851,TX
7349,2.0,0.0,0.0,1.04,-23.196451,13.8,THOMPSONS 3,29.481768,-95.636851,TX
7350,2.0,0.0,0.0,1.04,-21.889339,13.8,THOMPSONS 4,29.481768,-95.636851,TX
7351,2.0,0.0,0.0,1.04,-21.157837,13.8,THOMPSONS 5,29.481768,-95.636851,TX
7352,2.0,0.0,0.0,1.04,-21.374649,13.8,THOMPSONS 6,29.481768,-95.636851,TX
7353,2.0,0.0,0.0,1.04,-20.316938,13.8,THOMPSONS 7,29.481768,-95.636851,TX
7354,2.0,0.0,0.0,1.04,-22.01779,13.8,THOMPSONS 8,29.481768,-95.636851,TX
7355,2.0,0.0,0.0,1.04,-21.998822,13.8,THOMPSONS 9,29.481768,-95.636851,TX
7356,2.0,0.0,0.0,1.04,-22.217919,13.8,THOMPSONS 10,29.481768,-95.636851,TX
7357,2.0,0.0,0.0,1.0356954,-23.77949,13.8,THOMPSONS 11,29.481768,-95.636851,TX
7358,2.0,0.0,0.0,1.04,-21.584766,13.8,THOMPSONS 12,29.481768,-95.636851,TX
7359,2.0,0.0,0.0,1.04,-23.050971,13.8,THOMPSONS 13,29.481768,-95.636851,TX
7360,2.0,0.0,0.0,1.04,-22.322006,13.8,THOMPSONS 14,29.481768,-95.636851,TX
7361,2.0,0.0,0.0,1.04,-22.788518,13.8,THOMPSONS 15,29.481768,-95.636851,TX
7362,1.0,56.02,15.87,0.9834327,-39.636696,115.0,HOUSTON 61 0,29.785743,-95.388806,TX
7363,1.0,26.59,7.53,0.9971705,-35.642934,115.0,GALVESTON 3 0,29.186328,-94.965758,TX
7364,1.0,14.27,4.04,0.9813207,-38.808081,115.0,EAST BERNARD 0,29.524377,-96.062974,TX
7365,1.0,80.97,22.94,0.9905108,-38.767329,115.0,HOUSTON 20 0,29.785743,-95.388806,TX
7366,1.0,0.0,0.0,1.029746,-25.48785,500.0,CHANNELVIEW 1 0,29.793023,-95.114482,TX
7367,1.0,0.0,0.0,1.0143242,-29.93556,230.0,CHANNELVIEW 1 1,29.793023,-95.114482,TX
7368,1.0,0.0,0.0,1.0019398,-34.639163,115.0,CHANNELVIEW 1 2,29.793023,-95.114482,TX
7369,2.0,0.0,0.0,1.04,-23.640879,18.0,CHANNELVIEW 1 3,29.793023,-95.114482,TX
7370,2.0,0.0,0.0,1.04,-23.139642,18.0,CHANNELVIEW 1 4,29.793023,-95.114482,TX
7371,2.0,0.0,0.0,1.04,-23.547654,18.0,CHANNELVIEW 1 5,29.793023,-95.114482,TX
7372,2.0,0.0,0.0,1.04,-23.686789,18.0,CHANNELVIEW 1 6,29.793023,-95.114482,TX
7373,2.0,0.0,0.0,1.0360172,-24.810559,18.0,CHANNELVIEW 1 7,29.793023,-95.114482,TX
7374,2.0,0.0,0.0,1.04,-24.037211,18.0,CHANNELVIEW 1 8,29.793023,-95.114482,TX
7375,2.0,0.0,0.0,1.04,-22.843241,18.0,CHANNELVIEW 1 9,29.793023,-95.114482,TX
7376,2.0,0.0,0.0,1.04,-23.04769,18.0,CHANNELVIEW 1 10,29.793023,-95.114482,TX
7377,2.0,0.0,0.0,1.04,-23.637084,18.0,CHANNELVIEW 1 11,29.793023,-95.114482,TX
7378,2.0,0.0,0.0,1.04,-23.160045,18.0,CHANNELVIEW 1 12,29.793023,-95.114482,TX
7379,2.0,0.0,0.0,1.04,-23.337889,18.0,CHANNELVIEW 1 13,29.793023,-95.114482,TX
7380,1.0,52.24,14.8,1.0052299,-33.245411,115.0,FREEPORT 3 0,28.943296,-95.35607,TX
7381,1.0,94.75,26.85,0.9912422,-39.57174,115.0,HOUSTON 15 0,29.785743,-95.388806,TX
7382,1.0,78.13,22.14,0.9851075,-38.338585,115.0,HOUSTON 31 0,29.785743,-95.388806,TX
7383,1.0,85.59,24.25,0.9925314,-34.045312,115.0,ROSHARON 0,29.349974,-95.453054,TX
7384,1.0,66.87,18.95,0.9844195,-39.146531,115.0,HOUSTON 44 0,29.785743,-95.388806,TX
7385,1.0,135.24,38.32,0.9854974,-40.431551,115.0,HOUSTON 75 0,29.785743,-95.388806,TX
7386,1.0,111.8,31.68,0.9895974,-39.30438,115.0,HOUSTON 71 0,29.785743,-95.388806,TX
7387,1.0,160.73,45.54,0.9798729,-39.679151,115.0,HUMBLE 1 0,29.988207,-95.264356,TX
7388,1.0,125.97,35.69,0.9922309,-39.969651,115.0,HOUSTON 68 0,29.785743,-95.388806,TX
7389,2.0,0.0,0.0,1.0308025,-34.570962,500.0,WILLIS 1 0,30.434166,-95.484207,TX
7390,1.0,0.0,0.0,1.0199605,-37.300025,230.0,WILLIS 1 1,30.434166,-95.484207,TX
7391,1.0,42.84,12.14,1.0044436,-39.192463,115.0,WILLIS 1 2,30.434166,-95.484207,TX
7392,1.0,52.03,14.74,1.0053537,-34.972694,115.0,BAYTOWN 4 0,29.76478,-94.967457,TX
7393,1.0,7.31,2.07,0.9963403,-34.422625,115.0,VAN VLECK 0,29.028133,-95.884566,TX
7394,1.0,37.41,10.6,0.9828875,-38.527518,115.0,HUFFMAN 0,31.0,-99.0,TX
7395,1.0,70.42,19.95,0.9908102,-39.930811,115.0,HOUSTON 53 0,29.785743,-95.388806,TX
7396,1.0,25.49,7.22,0.9849088,-39.11739,115.0,HOUSTON 91 0,29.785743,-95.388806,TX
7397,1.0,105.72,29.95,1.0117649,-39.994087,115.0,ROSENBERG 0,29.549987,-95.821381,TX
7398,1.0,73.59,20.85,0.9964661,-35.997159,115.0,PASADENA 5 0,29.654996,-95.151055,TX
7399,1.0,56.83,16.1,0.992992,-37.708448,115.0,HOUSTON 45 0,29.785743,-95.388806,TX
7400,2.0,0.0,0.0,1.0258734,-26.096847,500.0,HOUSTON 6 0,29.785743,-95.388806,TX
7401,1.0,0.0,0.0,1.0160442,-29.208588,230.0,HOUSTON 6 1,29.785743,-95.388806,TX
7402,1.0,0.0,0.0,1.0046904,-33.898802,115.0,HOUSTON 6 2,29.785743,-95.388806,TX
7403,1.0,69.67,19.74,0.9959994,-35.573248,115.0,PASADENA 4 0,29.654996,-95.151055,TX
7404,1.0,177.73,50.36,0.9812995,-40.852457,115.0,HOUSTON 57 0,29.785743,-95.388806,TX
7405,1.0,53.26,15.09,1.0082349,-34.437576,115.0,GALVESTON 2 0,29.186328,-94.965758,TX
7406,2.0,0.0,0.0,1.0201151,-29.008011,500.0,POINT COMFORT 1 0,28.668397,-96.556974,TX
7407,1.0,0.0,0.0,1.0178759,-30.089312,230.0,POINT COMFORT 1 1,28.668397,-96.556974,TX
7408,1.0,53.66,15.2,0.9981157,-33.229044,115.0,POINT COMFORT 1 2,28.668397,-96.556974,TX
7409,1.0,0.0,0.0,1.0045676,-33.390827,230.0,KATY 2 0,29.790915,-95.840711,TX
7410,1.0,215.67,61.11,0.9881384,-38.19117,115.0,KATY 2 1,29.790915,-95.840711,TX
7411,1.0,69.41,19.67,0.9875598,-41.450979,115.0,SPRING 3 0,30.062169,-95.383966,TX
7412,1.0,8.59,2.43,0.99753,-34.437754,115.0,DANBURY 0,29.227417,-95.34617,TX
7413,1.0,42.91,12.16,0.9981364,-35.477165,115.0,WHARTON 2 0,29.317601,-96.102279,TX
7414,2.0,0.0,0.0,1.0219843,-32.101961,500.0,VICTORIA 1 0,28.828528,-96.986015,TX
7415,1.0,0.0,0.0,1.0163377,-32.549503,230.0,VICTORIA 1 1,28.828528,-96.986015,TX
7416,1.0,0.0,0.0,1.0098485,-34.735217,115.0,VICTORIA 1 2,28.828528,-96.986015,TX
7417,1.0,97.88,27.73,0.9990376,-38.871954,115.0,HOUSTON 64 0,29.785743,-95.388806,TX
7418,1.0,48.22,13.66,1.0000798,-38.436568,115.0,HOUSTON 65 0,29.785743,-95.388806,TX
7419,2.0,107.0,30.32,1.0,-33.695264,115.0,LA PORTE 0,29.667413,-95.049139,TX
7420,1.0,0.0,0.0,1.0033509,-36.808768,230.0,MAGNOLIA 1 0,30.213032,-95.7426,TX
7421,1.0,90.64,25.68,0.9873732,-41.545383,115.0,MAGNOLIA 1 1,30.213032,-95.7426,TX
7422,2.0,0.0,0.0,1.04,-27.550633,500.0,ALVIN 0,29.424772,-95.224432,TX
7423,1.0,0.0,0.0,1.0200636,-30.318818,230.0,ALVIN 1,29.424772,-95.224432,TX
7424,1.0,139.88,39.63,1.0010212,-34.386346,115.0,ALVIN 2,29.424772,-95.224432,TX
7425,1.0,105.98,30.03,0.981958,-41.048138,115.0,HOUSTON 86 0,29.785743,-95.388806,TX
7426,1.0,41.8,11.84,0.9877318,-33.240854,115.0,BRAZORIA 0,29.044715,-95.564665,TX
7427,1.0,156.45,44.33,0.9816208,-40.753567,115.0,HOUSTON 87 0,29.785743,-95.388806,TX
7428,2.0,0.0,0.0,1.04,-27.614319,500.0,FREEPORT 2 0,28.943296,-95.35607,TX
7429,1.0,0.0,0.0,1.0275228,-28.548117,230.0,FREEPORT 2 1,28.943296,-95.35607,TX
7430,1.0,46.92,13.29,1.0070402,-32.339121,115.0,FREEPORT 2 2,28.943296,-95.35607,TX
7431,1.0,35.57,10.08,0.9901473,-40.368073,115.0,CONROE 6 0,30.328717,-95.4846,TX
7432,1.0,22.94,6.5,1.0010677,-59.954634,115.0,MADISONVILLE 0,30.954018,-95.909285,TX
8001,1.0,10.82,3.07,1.0154124,-57.861966,115.0,NORMANGEE 0,31.030224,-96.115745,TX
8002,1.0,11.81,3.35,1.0070921,-71.026386,115.0,ARP 0,32.226002,-95.052538,TX
8003,1.0,11.99,3.4,1.02,-59.229985,115.0,CENTERVILLE 0,31.258315,-95.979399,TX
8004,1.0,0.0,0.0,1.0161603,-58.626266,230.0,LUFKIN 3 0,31.322904,-94.729026,TX
8005,1.0,102.01,28.9,1.02,-59.872644,115.0,LUFKIN 3 1,31.322904,-94.729026,TX
8006,1.0,37.4,10.6,1.02,-68.00605,115.0,FLINT 0,43.02442,-83.691971,MI
8007,1.0,30.07,8.52,1.0046032,-68.965794,115.0,BULLARD 0,32.144166,-95.317515,TX
8008,1.0,39.22,11.11,0.9793656,-71.766523,115.0,CHANDLER 0,32.30688,-95.473689,TX
8009,1.0,9.81,2.78,0.9904705,-43.352914,115.0,PLANTERSVILLE 0,30.334288,-95.86414,TX
8010,1.0,5.39,1.53,1.014586,-56.594488,115.0,MARQUEZ 0,31.236134,-96.257428,TX
8011,1.0,27.25,7.72,0.999424,-61.905312,115.0,TENNESSEE COLONY 0,31.0,-99.0,TX
8012,1.0,7.6,2.15,1.0085327,-42.538597,115.0,ANDERSON 0,30.486755,-95.990321,TX
8013,1.0,60.03,17.01,0.9960636,-72.259569,115.0,MINEOLA 0,32.652881,-95.480296,TX
8014,1.0,15.15,4.29,0.9893511,-64.690094,115.0,LOVELADY 0,31.128172,-95.445877,TX
8015,1.0,23.93,6.78,0.9989699,-64.440498,115.0,HUNTINGTON 0,31.280311,-94.576566,TX
8016,1.0,69.86,19.79,1.02,-48.019975,115.0,BRYAN 4 0,30.666016,-96.381049,TX
8017,1.0,18.44,5.22,0.996993,-69.148445,115.0,FRANKSTON 0,32.057293,-95.504501,TX
8018,1.0,0.0,0.0,1.0149819,-64.594299,230.0,TYLER 4 0,32.317258,-95.305886,TX
8019,1.0,103.12,29.22,1.02,-68.925975,115.0,TYLER 4 1,32.317258,-95.305886,TX
8020,1.0,17.35,4.92,0.9848407,-71.235609,115.0,BEN WHEELER 0,32.446547,-95.701859,TX
8021,1.0,10.73,3.04,1.0129316,-64.205098,115.0,GARRISON 0,31.826034,-94.493774,TX
8022,1.0,6.89,1.95,1.0175067,-65.027051,115.0,ETOILE 0,31.0,-99.0,TX
8023,1.0,0.0,0.0,1.0132456,-61.228891,115.0,LUFKIN 1 0,31.322904,-94.729026,TX
8024,2.0,0.0,0.0,1.0149931,-57.770634,13.8,LUFKIN 1 1,31.322904,-94.729026,TX
8025,1.0,50.76,14.38,1.0198675,-67.422849,115.0,PALESTINE 1 0,31.754512,-95.646953,TX
8026,1.0,55.08,15.61,0.9849828,-72.653265,115.0,LINDALE 0,32.494132,-95.407344,TX
8027,1.0,39.38,11.16,1.0119291,-68.542732,115.0,WHITEHOUSE 0,32.221677,-95.220676,TX
8028,1.0,24.06,6.82,0.9970681,-72.112984,115.0,OVERTON 0,32.275636,-94.97254,TX
8029,1.0,25.65,7.27,0.9808531,-72.137199,115.0,GRAND SALINE 0,32.678138,-95.711613,TX
8030,1.0,0.0,0.0,1.0256854,-36.853099,500.0,SHIRO 0,30.604043,-95.887636,TX
8031,1.0,0.0,0.0,1.0214036,-37.71737,230.0,SHIRO 1,30.604043,-95.887636,TX
8032,1.0,77.96,22.09,1.0132229,-41.742691,115.0,SHIRO 2,30.604043,-95.887636,TX
8033,2.0,0.0,0.0,1.0256854,-36.853099,13.8,SHIRO 3,30.604043,-95.887636,TX
8034,2.0,0.0,0.0,1.0256854,-36.853099,13.8,SHIRO 4,30.604043,-95.887636,TX
8035,2.0,0.0,0.0,1.0256854,-36.853099,13.8,SHIRO 5,30.604043,-95.887636,TX
8036,2.0,0.0,0.0,1.0256854,-36.853099,13.8,SHIRO 6,30.604043,-95.887636,TX
8037,1.0,11.29,3.2,0.9937035,-62.133501,115.0,MIDWAY 0,31.02512,-95.7565,TX
8038,1.0,73.15,20.73,0.9925412,-64.480236,115.0,SULPHUR SPRINGS 0,33.143108,-95.614702,TX
8039,1.0,12.61,3.57,0.9906377,-72.015544,115.0,VAN 0,32.523868,-95.63758,TX
8040,1.0,18.09,5.13,0.9859314,-68.676719,115.0,MURCHISON 0,32.275172,-95.756069,TX
8041,1.0,52.77,14.95,1.0117955,-66.513025,115.0,NACOGDOCHES 2 0,31.612364,-94.652046,TX
8042,1.0,27.31,7.74,0.9915476,-64.944249,115.0,DIBOLL 0,31.188315,-94.782885,TX
8043,1.0,0.0,0.0,1.0149102,-54.867188,500.0,FAIRFIELD 1 0,31.71744,-96.170483,TX
8044,1.0,0.0,0.0,1.0123318,-57.056713,230.0,FAIRFIELD 1 1,31.71744,-96.170483,TX
8045,1.0,0.0,0.0,1.008692,-60.249936,115.0,FAIRFIELD 1 2,31.71744,-96.170483,TX
8046,2.0,0.0,0.0,1.0123007,-53.563576,18.0,FAIRFIELD 1 3,31.71744,-96.170483,TX
8047,2.0,0.0,0.0,1.0149102,-54.867188,18.0,FAIRFIELD 1 4,31.71744,-96.170483,TX
8048,2.0,0.0,0.0,1.0376534,-52.37178,18.0,FAIRFIELD 1 5,31.71744,-96.170483,TX
8049,2.0,0.0,0.0,1.0133743,-53.999145,18.0,FAIRFIELD 1 6,31.71744,-96.170483,TX
8050,2.0,0.0,0.0,1.0149102,-54.867188,18.0,FAIRFIELD 1 7,31.71744,-96.170483,TX
8051,2.0,0.0,0.0,1.0149102,-54.867188,18.0,FAIRFIELD 1 8,31.71744,-96.170483,TX
8052,1.0,15.19,4.3,1.0095626,-69.949077,115.0,TYLER 8 0,32.317258,-95.305886,TX
8053,1.0,20.96,5.94,0.9819298,-70.505296,115.0,ATHENS 1 0,32.202603,-95.830799,TX
8054,1.0,16.16,4.58,0.9905644,-66.62181,115.0,BUFFALO 0,31.458905,-96.066163,TX
8055,1.0,33.79,9.57,1.0142046,-65.231421,115.0,RUSK 0,31.797759,-95.148758,TX
8056,1.0,10.55,2.99,1.0158358,-70.626743,115.0,WINONA 0,32.49261,-95.177413,TX
8057,1.0,0.0,0.0,1.0236968,-58.14123,500.0,FAIRFIELD 2 0,31.71744,-96.170483,TX
8058,1.0,0.0,0.0,1.0157965,-57.870691,230.0,FAIRFIELD 2 1,31.71744,-96.170483,TX
8059,1.0,0.0,0.0,1.0107767,-59.851233,115.0,FAIRFIELD 2 2,31.71744,-96.170483,TX
8060,2.0,0.0,0.0,1.0236968,-58.14123,13.8,FAIRFIELD 2 3,31.71744,-96.170483,TX
8061,2.0,0.0,0.0,1.0236968,-58.14123,13.8,FAIRFIELD 2 4,31.71744,-96.170483,TX
8062,1.0,10.19,2.89,1.016968,-61.489078,115.0,CUSHING 2 0,31.811939,-94.841687,TX
8063,1.0,69.38,19.66,0.996268,-67.10215,115.0,NACOGDOCHES 3 0,31.612364,-94.652046,TX
8064,1.0,21.23,6.01,1.00755,-60.415068,115.0,FAIRFIELD 3 0,31.71744,-96.170483,TX
8065,1.0,6.85,1.94,0.9941836,-66.767841,115.0,TRINIDAD 2 0,32.160015,-96.109524,TX
8066,1.0,3.23,0.92,0.995321,-62.925639,115.0,DIKE 0,42.464121,-92.625566,IA
8067,1.0,0.0,0.0,1.0119376,-52.232943,500.0,JEWETT 1 0,31.362606,-96.145544,TX
8068,1.0,0.0,0.0,1.0172148,-53.054855,230.0,JEWETT 1 1,31.362606,-96.145544,TX
8069,1.0,0.0,0.0,1.018187,-54.435754,115.0,JEWETT 1 2,31.362606,-96.145544,TX
8070,2.0,0.0,0.0,1.0119376,-52.232943,13.8,JEWETT 1 3,31.362606,-96.145544,TX
8071,2.0,0.0,0.0,1.0,-46.740014,13.8,JEWETT 1 4,31.362606,-96.145544,TX
8072,1.0,70.08,19.86,0.9847605,-65.502756,115.0,PALESTINE 2 0,31.754512,-95.646953,TX
8073,1.0,19.05,5.4,0.9872891,-71.843614,115.0,EMORY 0,32.876983,-95.766251,TX
8074,1.0,0.0,0.0,1.0285011,-51.277635,500.0,MT. ENTERPRISE 0,31.0,-99.0,TX
8075,1.0,0.0,0.0,1.0268502,-54.455362,230.0,MT. ENTERPRISE 1,31.0,-99.0,TX
8076,1.0,0.0,0.0,1.0227133,-58.384424,115.0,MT. ENTERPRISE 2,31.0,-99.0,TX
8077,2.0,0.0,0.0,1.03,-48.916387,13.8,MT. ENTERPRISE 3,31.0,-99.0,TX
8078,2.0,0.0,0.0,1.03,-48.79011,13.8,MT. ENTERPRISE 4,31.0,-99.0,TX
8079,2.0,0.0,0.0,1.03,-49.340066,13.8,MT. ENTERPRISE 5,31.0,-99.0,TX
8080,2.0,0.0,0.0,1.03,-49.045994,13.8,MT. ENTERPRISE 6,31.0,-99.0,TX
8081,1.0,26.05,7.38,0.9908967,-71.321577,115.0,TYLER 9 0,32.317258,-95.305886,TX
8082,1.0,0.0,0.0,1.0316333,-46.78417,500.0,FRANKLIN 0,31.025014,-96.487494,TX
8083,1.0,0.0,0.0,1.0250297,-49.552385,230.0,FRANKLIN 1,31.025014,-96.487494,TX
8084,1.0,0.0,0.0,1.0118832,-53.912871,161.0,FRANKLIN 2,31.025014,-96.487494,TX
8085,1.0,0.0,0.0,1.0115713,-54.430183,161.0,FRANKLIN 3,31.025014,-96.487494,TX
8086,1.0,21.25,6.02,1.0113669,-55.809719,115.0,FRANKLIN 4,31.025014,-96.487494,TX
8087,2.0,0.0,0.0,1.0316333,-46.78417,18.0,FRANKLIN 5,31.025014,-96.487494,TX
8088,2.0,0.0,0.0,1.04,-43.964419,18.0,FRANKLIN 6,31.025014,-96.487494,TX
8089,1.0,21.47,6.08,1.0139703,-70.143054,115.0,TYLER 3 0,32.317258,-95.305886,TX
8090,1.0,15.21,4.31,1.0061551,-68.009139,115.0,ELKHART 0,31.631393,-95.580417,TX
8091,1.0,11.87,3.36,1.02,-63.476973,115.0,WORTHAM 0,31.790154,-96.461613,TX
8092,1.0,7.11,2.01,0.9958807,-67.309217,115.0,OAKWOOD 0,31.584788,-95.849878,TX
8093,1.0,4.91,1.39,1.0111602,-59.43829,115.0,COOKVILLE 0,31.0,-99.0,TX
8094,1.0,0.0,0.0,1.0000519,-43.092813,230.0,COLLEGE STATION 1 0,30.58516,-96.29636,TX
8095,1.0,146.81,41.6,0.989627,-46.098378,115.0,COLLEGE STATION 1 1,30.58516,-96.29636,TX
8096,1.0,11.17,3.16,0.9896834,-70.256825,115.0,EDGEWOOD 0,32.69076,-95.882221,TX
8097,1.0,0.0,0.0,1.0236068,-58.199305,230.0,CUSHING 1 0,31.811939,-94.841687,TX
8098,1.0,0.0,0.0,1.017562,-61.696743,115.0,CUSHING 1 1,31.811939,-94.841687,TX
8099,2.0,0.0,0.0,1.0229234,-53.65634,13.8,CUSHING 1 2,31.811939,-94.841687,TX
8100,1.0,41.13,11.65,1.0127833,-70.02308,115.0,TYLER 2 0,32.317258,-95.305886,TX
8101,1.0,12.54,3.55,0.9955535,-65.360121,115.0,ALTO 0,31.650982,-95.070785,TX
8102,1.0,4.76,1.35,1.0063333,-51.432632,115.0,CALVERT 0,30.979149,-96.671542,TX
8103,1.0,8.15,2.31,1.0148887,-55.64631,115.0,JEWETT 2 0,31.362606,-96.145544,TX
8104,1.0,46.53,13.18,1.0032874,-43.563027,115.0,NAVASOTA 0,30.386399,-96.090734,TX
8105,1.0,0.0,0.0,1.0186087,-56.374683,230.0,MOUNT PLEASANT 2 0,33.158236,-94.974468,TX
8106,1.0,99.89,28.3,1.0023568,-60.324847,115.0,MOUNT PLEASANT 2 1,33.158236,-94.974468,TX
8107,1.0,9.21,2.61,1.02,-61.023701,115.0,SCROGGINS 0,31.0,-99.0,TX
8108,1.0,43.93,12.45,0.9949295,-72.677322,115.0,WILLS POINT 0,32.709454,-96.004991,TX
8109,1.0,51.76,14.67,0.9841612,-67.780997,115.0,ATHENS 2 0,32.202603,-95.830799,TX
8110,1.0,20.41,5.78,1.0120432,-67.549664,115.0,POINT 0,32.937099,-95.863365,TX
8111,1.0,87.11,24.68,1.0041215,-63.44221,115.0,LUFKIN 2 0,31.322904,-94.729026,TX
8112,1.0,0.0,0.0,1.0299812,-59.037645,500.0,JACKSONVILLE 1 0,31.959514,-95.265705,TX
8113,1.0,0.0,0.0,1.0255926,-59.887946,230.0,JACKSONVILLE 1 1,31.959514,-95.265705,TX
8114,1.0,24.41,6.92,1.0208706,-61.873912,115.0,JACKSONVILLE 1 2,31.959514,-95.265705,TX
8115,2.0,0.0,0.0,1.0299812,-59.037645,13.8,JACKSONVILLE 1 3,31.959514,-95.265705,TX
8116,2.0,0.0,0.0,1.0299812,-59.037645,13.8,JACKSONVILLE 1 4,31.959514,-95.265705,TX
8117,2.0,0.0,0.0,1.04,-57.689152,13.8,JACKSONVILLE 1 5,31.959514,-95.265705,TX
8118,1.0,36.62,10.38,0.9942125,-66.641962,115.0,CROCKETT 0,31.317111,-95.456586,TX
8119,1.0,48.0,13.6,1.0180517,-60.406378,115.0,HENDERSON 1 0,32.157256,-94.795898,TX
8120,1.0,31.9,9.04,1.02,-49.075401,115.0,BRYAN 3 0,30.666016,-96.381049,TX
8121,1.0,79.16,22.43,1.0097711,-65.810016,115.0,JACKSONVILLE 2 0,31.959514,-95.265705,TX
8122,1.0,29.41,8.33,1.0120271,-49.155763,115.0,BRYAN 5 0,30.666016,-96.381049,TX
8123,1.0,17.53,4.97,0.9886799,-67.199688,115.0,MALAKOFF 0,32.173308,-96.021029,TX
8124,1.0,20.2,5.72,1.0007413,-65.331558,115.0,CUMBY 0,33.13512,-95.838533,TX
8125,1.0,45.16,12.8,1.0057386,-66.523122,115.0,NACOGDOCHES 1 0,31.612364,-94.652046,TX
8126,1.0,0.0,0.0,1.0317803,-53.486857,500.0,MOUNT PLEASANT 1 0,33.158236,-94.974468,TX
8127,1.0,0.0,0.0,1.0296548,-54.643581,230.0,MOUNT PLEASANT 1 1,33.158236,-94.974468,TX
8128,1.0,0.0,0.0,1.0283219,-56.957295,115.0,MOUNT PLEASANT 1 2,33.158236,-94.974468,TX
8129,2.0,0.0,0.0,1.03,-51.756881,18.0,MOUNT PLEASANT 1 3,33.158236,-94.974468,TX
8130,2.0,0.0,0.0,1.03,-49.170905,18.0,MOUNT PLEASANT 1 4,33.158236,-94.974468,TX
8131,2.0,0.0,0.0,1.03,-51.2813,18.0,MOUNT PLEASANT 1 5,33.158236,-94.974468,TX
8132,1.0,21.93,6.21,0.9892636,-65.161885,115.0,TEAGUE 0,31.629487,-96.280818,TX
8133,1.0,0.0,0.0,1.0161024,-63.537729,230.0,TYLER 7 0,32.317258,-95.305886,TX
8134,1.0,111.5,31.59,1.0149822,-66.570175,115.0,TYLER 7 1,32.317258,-95.305886,TX
8135,1.0,81.21,23.01,1.0145415,-69.719557,115.0,TYLER 6 0,32.317258,-95.305886,TX
8136,1.0,10.05,2.85,0.99328,-69.853108,115.0,YANTIS 0,32.92853,-95.577357,TX
8137,1.0,24.32,6.89,0.9998399,-63.292469,115.0,POLLOK 0,31.0,-99.0,TX
8138,1.0,6.5,1.84,1.02,-70.915872,115.0,TYLER 1 0,32.317258,-95.305886,TX
8139,1.0,0.0,0.0,0.9968942,-43.819994,230.0,COLLEGE STATION 2 0,30.58516,-96.29636,TX
8140,1.0,168.51,47.75,0.9906159,-46.575094,115.0,COLLEGE STATION 2 1,30.58516,-96.29636,TX
8141,1.0,20.94,5.93,1.0048151,-52.325946,115.0,HEARNE 0,30.877062,-96.595217,TX
8142,1.0,22.36,6.34,0.9944025,-62.362288,115.0,MOUNT VERNON 0,33.177431,-95.224447,TX
8143,1.0,22.94,6.5,1.0108316,-45.948648,115.0,IOLA 0,30.772645,-96.077628,TX
8144,1.0,6.04,1.71,1.0025901,-61.731595,115.0,STREETMAN 0,31.881835,-96.33257,TX
8145,1.0,6.16,1.74,0.9995799,-66.689799,115.0,COMO 0,33.059713,-95.475236,TX
8146,1.0,49.91,14.14,0.9937714,-72.887444,115.0,HENDERSON 2 0,32.157256,-94.795898,TX
8147,2.0,0.0,0.0,1.0082265,-59.865546,230.0,TRINIDAD 1 0,32.160015,-96.109524,TX
8148,1.0,0.0,0.0,1.0027854,-62.214098,161.0,TRINIDAD 1 1,32.160015,-96.109524,TX
8149,1.0,0.0,0.0,0.9942873,-66.499437,115.0,TRINIDAD 1 2,32.160015,-96.109524,TX
8150,1.0,8.51,2.41,1.0034097,-64.742015,115.0,ZAVALLA 0,31.158466,-94.418918,TX
8151,1.0,17.38,4.92,1.02,-67.957417,115.0,GRAPELAND 0,31.493976,-95.47753,TX
8152,2.0,46.35,13.13,1.0172593,-47.081348,115.0,BRYAN 2 0,30.666016,-96.381049,TX
8153,1.0,38.55,10.92,0.9864209,-71.762511,115.0,CANTON 0,32.554245,-95.863534,TX
8154,1.0,26.31,7.46,0.9980448,-71.337128,115.0,TYLER 5 0,32.317258,-95.305886,TX
8155,2.0,0.0,0.0,1.0270114,-47.490401,500.0,BREMOND 0,31.165709,-96.675975,TX
8156,1.0,0.0,0.0,1.0158958,-46.253077,230.0,BREMOND 1,31.165709,-96.675975,TX
8157,1.0,0.0,0.0,1.0102811,-50.323335,115.0,BREMOND 2,31.165709,-96.675975,TX
8158,2.0,0.0,0.0,1.0222086,-38.944432,500.0,BRYAN 1 0,30.666016,-96.381049,TX
8159,1.0,0.0,0.0,1.02,-42.356614,230.0,BRYAN 1 1,30.666016,-96.381049,TX
8160,1.0,90.76,25.71,1.0166512,-45.575246,115.0,BRYAN 1 2,30.666016,-96.381049,TX
